checklist_scientificName	backbone_scientificName	backbone_taxonomicStatus	backbone_acceptedName	backbone_taxonKey	backbone_acceptedKey	backbone_kingdom	backbone_issues	verification_key	date_added	checklists	remarks
Dugesia tigrina	Dugesia tigrina (Girard, 1850)	SYNONYM	Girardia tigrina (Girard, 1850)	2502879	5892120	Animalia			2018-07-25	289244ee-e1c1-49aa-b2d7-d379391ce265	
Dreissena rostriformis bugensis	Dreissena rostriformis bugensis Andrusov, 1897	SYNONYM	Dreissena bugensis (Andrusov, 1897)	4371624	2287073	Animalia			2018-07-25	289244ee-e1c1-49aa-b2d7-d379391ce265	
Ferrissia fragilis	Ferrissia fragilis (Tryon, 1863)	SYNONYM	Ferrissia californica (Rowell, 1863)	2291152	9520065	Animalia	ORIGINAL_NAME_DERIVED		2018-07-25	289244ee-e1c1-49aa-b2d7-d379391ce265	
Crassostrea gigas	Crassostrea gigas (Thunberg, 1793)	SYNONYM	Magallana gigas (Thunberg, 1793)	2286069	7820753	Animalia			2018-07-25	289244ee-e1c1-49aa-b2d7-d379391ce265	
Astacus leptodactylus	Astacus leptodactylus Eschscholtz, 1823	SYNONYM	Pontastacus leptodactylus (Eschscholtz, 1823)	4417551	8946295	Animalia			2018-07-25	289244ee-e1c1-49aa-b2d7-d379391ce265	
Aspius aspius	Aspius aspius (Linnaeus, 1758)	SYNONYM	Leuciscus aspius (Linnaeus, 1758)	2360181	5851603	Animalia	ORIGINAL_NAME_DERIVED		2018-07-25	98940a79-2bf1-46e6-afd6-ba2e85a26f9f	
Acipenser guldenstaedti	Acipenser güldenstaedti Brandt & Ratzeberg, 1833	SYNONYM	Acipenser gueldenstaedtii Brandt & Ratzeburg, 1831	2402131	2402129	Animalia			2018-07-25	98940a79-2bf1-46e6-afd6-ba2e85a26f9f	
Athyrium niponicum (Mett.) Hance	Athyrium niponicum (Mett) Hance	SYNONYM	Anisocampium niponicum (Mett.) Yea C.Liu, W.L.Chiou & M.Kato	7125894	8241853	Plantae	ORIGINAL_NAME_DERIVED	8241853	2018-07-25	9ff7d317-609b-4c08-bd86-3bc404b77c42	
Echinopsis silvestrii Spegazz.	Echinopsis silvestrii Speg.	SYNONYM	Echinopsis albispinosa K.Schum.	5621983	7282357	Plantae		5621983	2018-07-25	9ff7d317-609b-4c08-bd86-3bc404b77c42	
Armeria arenaria (Pers.) Schult.	Armeria arenaria Schult.	SYNONYM	Armeria maritima subsp. maritima	7136543	3082290	Plantae		7136543	2018-07-25	9ff7d317-609b-4c08-bd86-3bc404b77c42	the backbone is wrong here
Actinidia deliciosa (Chevalier) C.S. Liang & A.R. Ferguson	Actinidia deliciosa (Chev.) C.F.Liang & A.R.Ferguson	SYNONYM	Actinidia chinensis var. hispida C.F.Liang	7270761	3644922	Plantae		7270761	2018-07-25	9ff7d317-609b-4c08-bd86-3bc404b77c42	
Parthenocissus inserta (A. Kerner) Fritsch	Parthenocissus inserta (A.Kerner) Fritsch	SYNONYM	Parthenocissus vitacea (Knerr) Hitchc.	3039203	3039193	Plantae	ORIGINAL_NAME_DERIVED	3039193	2018-07-25	9ff7d317-609b-4c08-bd86-3bc404b77c42	
Cornus sanguinea L. subsp. australis (C.A. Mey.) Jáv. ex Soó in Soó & Jáv.	Cornus sanguinea subsp. australis (C.A.Mey.) Soó	SYNONYM	Cornus sanguinea subsp. australis (C.A.Mey.) Jáv.	8207659	3663237	Plantae	ORIGINAL_NAME_DERIVED,CONFLICTING_BASIONYM_COMBINATION	3663237	2018-07-25	9ff7d317-609b-4c08-bd86-3bc404b77c42	
Portulaca papillatostellulata (Danin & H.G. Baker) Danin	Portulaca papillatostellulata (Danin & H.G.Baker) Danin	SYNONYM	Portulaca macrantha (Maire) Ricceri & Arrigoni	4022463	4022910	Plantae			2018-07-25	9ff7d317-609b-4c08-bd86-3bc404b77c42	
Proboscidea louisianica (Mill.) Thell.	Proboscidea louisianica Thell.	SYNONYM	Proboscidea louisianica subsp. louisianica	5415100	7226243	Plantae		5415100	2018-07-25	9ff7d317-609b-4c08-bd86-3bc404b77c42	
Platanus x hispanica Mill. ex Münchh.	Platanus hispanica Mill. ex Münchh.	SYNONYM	Platanus hybrida Brot.	7400250	3152814	Plantae			2018-07-25	9ff7d317-609b-4c08-bd86-3bc404b77c42	
Pterocarya fraxinifolia (Lam.) Spach	Pterocarya fraxinifolia (Poir.) Spach	SYNONYM	Pterocarya pterocarpa (Michx.) Kunth ex Iljinsk.	8288647	4205311	Plantae			2018-07-25	9ff7d317-609b-4c08-bd86-3bc404b77c42	
Polystichum tsus-simense J. Smith	Polystichum tsus-simense (Hook.) J.Sm.	SYNONYM	Polystichum luctuosum (Kunze) Moore.	2651108	4046493	Plantae	ORIGINAL_NAME_DERIVED	4046493	2018-07-25	9ff7d317-609b-4c08-bd86-3bc404b77c42	
Euonymus hederaceus Champ. ex Benth.	Euonymus hederaceus Champ. ex Benth.	SYNONYM	Euonymus fortunei (Turcz.) Hand.-Mazz.	3792460	3169137	Plantae			2018-07-25	9ff7d317-609b-4c08-bd86-3bc404b77c42	
Celastrus orbiculatus Thunb.	Celastrus orbiculatus Thunb.	SYNONYM	Celastrus orbiculatus C.P.Thunberg ex A.Murray	3169169	8104460	Plantae	CONFLICTING_BASIONYM_COMBINATION	8104460	2018-07-25	9ff7d317-609b-4c08-bd86-3bc404b77c42	
Ribes x nidigrolaria R. & A. Bauer	Ribes ×nidigrolaria Rud.Bauer & A.Bauer	SYNONYM	Ribes nigrum x uva-crispa	4194699	9781288	Plantae			2018-07-25	9ff7d317-609b-4c08-bd86-3bc404b77c42	
Ribes odoratum H.L. Wendl.	Ribes odoratum H.L.Wendl.	SYNONYM	Ribes aureum var. villosum DC.	8436755	4194303	Plantae			2018-07-25	9ff7d317-609b-4c08-bd86-3bc404b77c42	
Mazus reptans N.E. Brown	Mazus reptans N.E.Br.	SYNONYM	Mazus miquelii Makino	3171303	3171302	Plantae			2018-07-25	9ff7d317-609b-4c08-bd86-3bc404b77c42	
Ledum palustre L.	Ledum palustre L.	SYNONYM	Rhododendron tomentosum subsp. tomentosum	2882977	6400570	Plantae			2018-07-25	9ff7d317-609b-4c08-bd86-3bc404b77c42	
Cuscuta gronovii Willd. ex Schult.	Cuscuta gronovii Willd. ex Roem. & Schult.	SYNONYM	Cuscuta gronovii Willd.	2927492	7694392	Plantae	CONFLICTING_BASIONYM_COMBINATION	7694392	2018-07-25	9ff7d317-609b-4c08-bd86-3bc404b77c42	
Cuscuta campestris Yunck.	Cuscuta campestris Yunck.	SYNONYM	Cuscuta pentagona Engelm.	3610757	2927490	Plantae			2018-07-25	9ff7d317-609b-4c08-bd86-3bc404b77c42	
Convolvulus silvaticus Kit.	Convolvulus silvaticus Kit.	SYNONYM	Calystegia silvatica subsp. silvatica	3678060	7225712	Plantae			2018-07-25	9ff7d317-609b-4c08-bd86-3bc404b77c42	
Ipomoea hederacea (L.) Jacq. var. integriuscula A. Gray	Ipomoea hederacea var. integriuscula A.Gray	SYNONYM	Ipomoea hederacea Jacq.	2928622	2928538	Plantae		2928538	2018-07-25	9ff7d317-609b-4c08-bd86-3bc404b77c42	
Convolvulus dubius J. Gilbert	Convolvulus dubius J.L.Gilbert	SYNONYM	Calystegia pulchra Brummitt & Heywood	3679953	3678949	Plantae		3678949	2018-07-25	9ff7d317-609b-4c08-bd86-3bc404b77c42	
Ipomoea coccinea L.	Ipomoea coccinea L.	SYNONYM	Ipomoea rubriflora O'Donell	2928560	7519113	Plantae			2018-07-25	9ff7d317-609b-4c08-bd86-3bc404b77c42	
Typhonium venosum (Ait.) Hett. & Boyce	Typhonium venosum (Dryand. ex Aiton) Hett. & P.C.Boyce	SYNONYM	Sauromatum venosum (Aiton) Kunth	2869586	2869597	Plantae			2018-07-25	9ff7d317-609b-4c08-bd86-3bc404b77c42	
Isotrema macrophyllum (Lam.) C. Reed	Isotrema macrophyllum (Lam.) C.F.Reed	SYNONYM	Aristolochia macrophylla Lam.	2873995	2873994	Plantae	ORIGINAL_NAME_DERIVED	2873994	2018-07-25	9ff7d317-609b-4c08-bd86-3bc404b77c42	
Bergenia cordifolia (Haw.) Sternb.	Bergenia cordifolia (Haw.) Sternb.	SYNONYM	Bergenia crassifolia Fritsch	5567698	5567694	Plantae			2018-07-25	9ff7d317-609b-4c08-bd86-3bc404b77c42	
Bergenia x schmidtii (Regel) Silva-Tar.	Bergenia schmidtii (Regel) Silva Tarouca	SYNONYM	Bergenia ciliata (Haw.) Sternb.	5567657	8330218	Plantae	ORIGINAL_NAME_DERIVED	5567657	2018-07-25	9ff7d317-609b-4c08-bd86-3bc404b77c42	the backbone is wrong on this taxa. Bergenia × schmidtii is a hybrid of B. ciliata and B. crassifolia
Tulipa tarda Stapf	Tulipa tarda Stapf	SYNONYM	Tulipa urumiensis Stapf	5299589	5299590	Plantae			2018-07-25	9ff7d317-609b-4c08-bd86-3bc404b77c42	
Sedum sediforme (Jacq.) Pau i	Sedum sediforme (Jacq.) Pau	SYNONYM	Petrosedum sediforme (Jacq.) Grulich	5688347	4201784	Plantae	ORIGINAL_NAME_DERIVED	4201784	2018-07-25	9ff7d317-609b-4c08-bd86-3bc404b77c42	
Jovibarba sobolifera (Sims) Opiz	Jovibarba sobolifera (J.Sims) Opiz	SYNONYM	Sempervivum globiferum subsp. globiferum	8990928	7334391	Plantae	ORIGINAL_NAME_DERIVED	8091002	2018-07-25	9ff7d317-609b-4c08-bd86-3bc404b77c42	
Sedum stoloniferum S.G. Gmel.	Sedum stoloniferum S.G.Gmel.	SYNONYM	Phedimus stoloniferus (S.G.Gmel.) 't Hart	5362051	4201585	Plantae			2018-07-25	9ff7d317-609b-4c08-bd86-3bc404b77c42	
Sedum anopetalum DC.	Sedum anopetalum DC.	SYNONYM	Petrosedum ochroleucum subsp. ochroleucum	5362017	9338223	Plantae	CONFLICTING_BASIONYM_COMBINATION		2018-07-25	9ff7d317-609b-4c08-bd86-3bc404b77c42	
Sedum hybridum L.	Sedum hybridum L.	SYNONYM	Phedimus middendorfianus (Maxim.) 't Hart	5362013	4201668	Plantae			2018-07-25	9ff7d317-609b-4c08-bd86-3bc404b77c42	
Sedum anacampseros L.	Sedum anacampseros L.	SYNONYM	Hylotelephium anacampseros (L.) H.Ohba	5687999	4202184	Plantae			2018-07-25	9ff7d317-609b-4c08-bd86-3bc404b77c42	
Sedum kamtschaticum Fisch. & C.A. Mey. subsp. ellacombianum (Praeg.) R.T. Clausen	Sedum kamtschaticum subsp. ellacombianum (Praeger) R.T.Clausen	SYNONYM	Phedimus ellacombianus (Praeger) H.'t Hart	5708682	4927972	Plantae	ORIGINAL_NAME_DERIVED,CONFLICTING_BASIONYM_COMBINATION	4927972	2018-07-25	9ff7d317-609b-4c08-bd86-3bc404b77c42	
Sedum spurium Bieb.	Sedum spurium Bieb.	SYNONYM	Phedimus spurius (M.Bieb.) 't Hart	5362018	4201607	Plantae		4201607	2018-07-25	9ff7d317-609b-4c08-bd86-3bc404b77c42	
Crassula helmsii (T. Kirk) Cock.	Crassula helmsii (Kirk) Cockayne	SYNONYM	Crassula helmsii A.Berger	5362054	8035075	Plantae	CONFLICTING_BASIONYM_COMBINATION		2018-07-25	9ff7d317-609b-4c08-bd86-3bc404b77c42	
Sedum spectabile Boreau	Sedum spectabile Bor.	SYNONYM	Hylotelephium spectabile (Boreau) H.Ohba	5362067	2985863	Plantae		2985863	2018-07-25	9ff7d317-609b-4c08-bd86-3bc404b77c42	
Sedum telephium L. subsp. maximum (L.) Rouy & E.G. Camus	Sedum telephium subsp. maximum (L.) Rouy & E.G.Camus, 1901	SYNONYM	Hylotelephium maximum (L.) J.Holub	9340574	7334631	Plantae	ORIGINAL_NAME_DERIVED	7334631	2018-07-25	9ff7d317-609b-4c08-bd86-3bc404b77c42	
Zinnia violacea Cav.	Zinnia violacea Cav.	SYNONYM	Zinnia elegans Jacq.	3111758	3111754	Plantae			2018-07-25	9ff7d317-609b-4c08-bd86-3bc404b77c42	
Hemizonia fasciculata Torr. & A. Gray	Hemizonia fasciculata (DC.) Torr. & A.Gray	SYNONYM	Deinandra fasciculata Greene	3145372	3145375	Plantae			2018-07-25	9ff7d317-609b-4c08-bd86-3bc404b77c42	
Hemizonia pungens (Hook. & Arnott) Torr. & A. Gray	Hemizonia pungens (Hook. & Arn.) Torr. & A.Gray	SYNONYM	Centromadia pungens subsp. pungens	3145384	7222628	Plantae	ORIGINAL_NAME_DERIVED	3141046	2018-07-25	9ff7d317-609b-4c08-bd86-3bc404b77c42	According to the Flora of north America Hemizonia pungens is a synonym of both subspecies of Centromadia pungens
Artemisia sieversiana Ehrh.	Artemisia sieversiana Ehrh.	SYNONYM	Artemisia sieversiana Ehrh. ex Willd.	7807853	3121562	Plantae	CONFLICTING_BASIONYM_COMBINATION	3121562	2018-07-25	9ff7d317-609b-4c08-bd86-3bc404b77c42	
Matricaria recutita L. var. coronata (J. Gay ex Boiss.) Fertig	Matricaria recutita var. coronata (J.Gay ex Boiss.) I.Gruenberg-Fertig	SYNONYM	Matricaria chamomilla L.	8258539	8370958	Plantae	ORIGINAL_NAME_DERIVED		2018-07-25	9ff7d317-609b-4c08-bd86-3bc404b77c42	
Pilosella x duplex (Peter) Holub	Pilosella duplex (Peter) J.Holub	SYNONYM	Pilosella prussica (Nägeli & Peter) Soják	3134993	9321334	Plantae	ORIGINAL_NAME_DERIVED		2018-07-25	9ff7d317-609b-4c08-bd86-3bc404b77c42	
Bidens frondosa L. var. anomala Porter ex Fernald	Bidens frondosa var. anomala Porter ex Fern.	SYNONYM	Bidens frondosa L.	5700912	5392174	Plantae			2018-07-25	9ff7d317-609b-4c08-bd86-3bc404b77c42	
Eclipta prostrata (L.) L.	Eclipta prostrata (L.) L.	SYNONYM	Eclipta alba Hassk.	5384950	5384955	Plantae			2018-07-25	9ff7d317-609b-4c08-bd86-3bc404b77c42	
Bidens frondosa L. var. frondosa	Bidens frondosa var. frondosa	SYNONYM	Bidens frondosa L.	7872129	5392174	Plantae		5392174	2018-07-25	9ff7d317-609b-4c08-bd86-3bc404b77c42	
Centaurea x extranea Beck	Centaurea ×extranea Beck	SYNONYM	Centaurea jacea x nigrescens	8173637	9671002	Plantae		9671002	2018-07-25	9ff7d317-609b-4c08-bd86-3bc404b77c42	
Carduus x theriotii Rouy	Carduus theriotii Rouy, 1905	SYNONYM	Carduus cyrneus Schlüssel & Jeanm.	4211074	3114588	Plantae			2018-07-25	9ff7d317-609b-4c08-bd86-3bc404b77c42	
Tagetes patula L.	Tagetes patula L.	SYNONYM	Tagetes erecta L.	3088492	3088488	Plantae			2018-07-25	9ff7d317-609b-4c08-bd86-3bc404b77c42	
Achillea cartilaginea Ledeb. ex Reichenb. s.l.	Achillea cartilaginea Ledeb. ex Rchb.	SYNONYM	Achillea salicifolia subsp. salicifolia	3120381	7222196	Plantae			2018-07-25	9ff7d317-609b-4c08-bd86-3bc404b77c42	
Schkuhria pinnata (Lam.) O. Kuntze ex Thell. var. pinnata	Schkuhria pinnata var. pinnata	SYNONYM	Schkuhria pinnata (Lam.) Kuntze	7066061	8346536	Plantae		8346536	2018-07-25	9ff7d317-609b-4c08-bd86-3bc404b77c42	
Pulicaria arabica (L.) Cass. subsp. hispanica (Boiss.) Murb.	Pulicaria arabica subsp. hispanica (Boiss.) Murb.	SYNONYM	Pulicaria paludosa Link	6076957	3095595	Plantae			2018-07-25	9ff7d317-609b-4c08-bd86-3bc404b77c42	
Senecio quadridentatus Labill.	Senecio quadridentatus Labill.	SYNONYM	Erechtites quadridentata (Labill.) DC.	3107661	3107663	Plantae		3107663	2018-07-25	9ff7d317-609b-4c08-bd86-3bc404b77c42	
Cyanus depressa (Bieb.) Soják	Cyanus depressus (M.Bieb.) Sojak	SYNONYM	Centaurea depressa M.Bieb.	8334968	3089549	Plantae	ORIGINAL_NAME_DERIVED		2018-07-25	9ff7d317-609b-4c08-bd86-3bc404b77c42	
Helipterum floribundum DC.	Helipterum floribundum A.Cunn. ex DC.	SYNONYM	Rhodanthe floribunda (DC.) Paul G.Wilson	3137630	3137629	Plantae		3137629	2018-07-25	9ff7d317-609b-4c08-bd86-3bc404b77c42	
Cichorium calvum Schultz-Bip.	Cichorium calvum Sch.Bip.	SYNONYM	Cichorium calvum Sch.Bip. ex Aschers.	8199647	5392271	Plantae		5392271	2018-07-25	9ff7d317-609b-4c08-bd86-3bc404b77c42	
Cyanus triumfettii (All.) Á. Löve & D. Löve	Cyanus triumfettii (All.) Dostal ex A. & D.Love	SYNONYM	Centaurea triumfettii subsp. triumfettii	5386028	7338495	Plantae		5386028	2018-07-25	9ff7d317-609b-4c08-bd86-3bc404b77c42	
Senecio glossanthus (Sonder) Belcher	Senecio glossanthus (Sond.) Belcher	SYNONYM	Erechtites glossantha Sond.	3108121	3108123	Plantae		3108123	2018-07-25	9ff7d317-609b-4c08-bd86-3bc404b77c42	
Guizotia scabra (Vis,) Chiov. subsp. schimperi (Sch. Bip.) J. Baagøe	Guizotia scabra subsp. schimperi (Sch.Bip.) Baagoe	SYNONYM	Guizotia schimperi Sch.Bip.	8335765	3088652	Plantae		3088652	2018-07-25	9ff7d317-609b-4c08-bd86-3bc404b77c42	
Cichorium endivia L. subsp. endivia	Cichorium endivia subsp. endivia	SYNONYM	Cichorium endivia L.	7823591	5392243	Plantae		5392243	2018-07-25	9ff7d317-609b-4c08-bd86-3bc404b77c42	
Centaurea x psammogena Gáyer	Centaurea psammogena Gáyer	SYNONYM	Centaurea varnensis Velen.	8708866	3128725	Plantae			2018-07-25	9ff7d317-609b-4c08-bd86-3bc404b77c42	
Osteospermum jucundum (Phillips) Norlindh	Osteospermum jucundum (Phill.) T.Norl.	SYNONYM	Dimorphotheca jucunda E.Phillips	3093587	5402340	Plantae	ORIGINAL_NAME_DERIVED		2018-07-25	9ff7d317-609b-4c08-bd86-3bc404b77c42	
Xanthium ambrosioides Hook. & Arnott	Xanthium ambrosioides Hook. & Arn.	SYNONYM	Xanthium spinosum var. ambrosioides (Hook & Arn.) Löve & Dans.	3089140	8005391	Plantae		8005391	2018-07-25	9ff7d317-609b-4c08-bd86-3bc404b77c42	
Eurybia divaricata (L.) Nesom	Eurybia divaricata (L.) G.L.Nesom	SYNONYM	Croptilon divaricatum (Nutt.) Raf.	5396125	3139628	Plantae	CONFLICTING_BASIONYM_COMBINATION		2018-07-25	9ff7d317-609b-4c08-bd86-3bc404b77c42	
Erigeron x huelsenii Vatke	Erigeron huelsenii Vatke	SYNONYM	×Conyzigeron huelsenii (Vatke) Rauschert	3095939	3095938	Plantae		3095938	2018-07-25	9ff7d317-609b-4c08-bd86-3bc404b77c42	
Centaurea algeriensis Coss. & Durieu	Centaurea algeriensis Dur. & Coss.	SYNONYM	Centaurea diluta subsp. algeriensis (Coss. & Dur.) Maire	4207003	6076279	Plantae			2018-07-25	9ff7d317-609b-4c08-bd86-3bc404b77c42	
Soliva pterosperma (Juss.) Less.	Soliva pterosperma (Juss.) Less.	SYNONYM	Soliva sessilis Ruiz & Pav.	3092698	3092691	Plantae			2018-07-25	9ff7d317-609b-4c08-bd86-3bc404b77c42	
Galactites elegans (All.) Nyman ex Soldano	Galactites elegans (All.) Nym. ex A.Soldano	SYNONYM	Centaurea cineraria subsp. cineraria	3137580	7066118	Plantae			2018-07-25	9ff7d317-609b-4c08-bd86-3bc404b77c42	
Schkuhria pinnata (Lam.) O. Kuntze ex Thell. var. abrotanoides (Roth) Cabrera	Schkuhria pinnata var. abrotanoides (Roth) Cabrera	SYNONYM	Schkuhria pinnata (Lam.) Kuntze	4247879	8346536	Plantae	ORIGINAL_NAME_DERIVED		2018-07-25	9ff7d317-609b-4c08-bd86-3bc404b77c42	
Helipterum strictum (Lindl.) Benth.	Helipterum strictum (Lindl.) Benth.	SYNONYM	Rhodanthe stricta (Lindl.) Paul G.Wilson	3137688	3137686	Plantae	ORIGINAL_NAME_DERIVED		2018-07-25	9ff7d317-609b-4c08-bd86-3bc404b77c42	
Carthamus lanatus L.	Carthamus lanatus L.	SYNONYM	Carthamus lanatus subsp. lanatus	3138230	7223448	Plantae		3138230	2018-07-25	9ff7d317-609b-4c08-bd86-3bc404b77c42	
Photinia beauverdiana C.K. Schneider var. notabilis (C.K. Schneider) Rehd. & Wilson	Photinia beauverdiana var. notabilis (C.K.Schneider) Rehd. & E.H.Wilson	SYNONYM	Photinia beauverdiana C.K.Schneid.	5363895	5363891	Plantae	ORIGINAL_NAME_DERIVED		2018-07-25	9ff7d317-609b-4c08-bd86-3bc404b77c42	
Dasiphora davurica (Nestler) Komarov var. mandshurica (Maxim.) Verloove & Lambinon	Dasiphora davurica var. mandshurica (Maxim.) Verloove & Lambinon	SYNONYM	Dasiphora fruticosa Rydb.	8381801	5370380	Plantae			2018-07-25	9ff7d317-609b-4c08-bd86-3bc404b77c42	
Prunus virginiana L.	Prunus virginiana L.	SYNONYM	Prunus serotina Ehrh.	3022668	3021850	Plantae	CONFLICTING_BASIONYM_COMBINATION	3022668	2018-07-25	9ff7d317-609b-4c08-bd86-3bc404b77c42	
Prunus cerasus L.	Prunus cerasus L.	SYNONYM	Prunus avium (L.) L.	3021922	3020791	Plantae	CONFLICTING_BASIONYM_COMBINATION	3021922	2018-07-25	9ff7d317-609b-4c08-bd86-3bc404b77c42	
Pyracantha crenatoserrata (Hance) Rehder	Pyracantha crenatoserrata (Hance) Rehd.	SYNONYM	Pyracantha fortuneana (Maxim.) H.L.Li	2988170	2988224	Plantae			2018-07-25	9ff7d317-609b-4c08-bd86-3bc404b77c42	
Aronia prunifolia (Marshall). Rehd.	Aronia prunifolia (Marsh.) Rehd.	SYNONYM	Photinia floribunda (Lindl.) K.R.Robertson & J.B.Phipps	5363613	5364001	Plantae			2018-07-25	9ff7d317-609b-4c08-bd86-3bc404b77c42	
Spiraea x brachybotrys Lange	Spiraea brachybotrys Lange	SYNONYM	Spiraea canescens D.Don	3026426	3027138	Plantae			2018-07-25	9ff7d317-609b-4c08-bd86-3bc404b77c42	
Malus sylvestris (L.) Mill. subsp. mitis (Wallr.) Mansf.	Malus sylvestris subsp. mitis (Wallr.) Mansf.	SYNONYM	Malus pumila Mill.	3001381	3001093	Plantae	ORIGINAL_NAME_DERIVED		2018-07-25	9ff7d317-609b-4c08-bd86-3bc404b77c42	
Spiraea x vanhouttei (Briot) Carr.	Spiraea vanhouttei (Briot) Carrière	SYNONYM	Spiraea vanhouttei (Briot) Zabel	8236373	3026622	Plantae	CONFLICTING_BASIONYM_COMBINATION		2018-07-25	9ff7d317-609b-4c08-bd86-3bc404b77c42	
Spiraea chamaedryfolia L. subsp. ulmifolia (Scop.) J. Duvigneaud	Spiraea chamaedrifolia subsp. ulmifolia (Scop.) J.Duvigneaud	SYNONYM	Spiraea chamaedryfolia L.	8324534	3026406	Plantae	ORIGINAL_NAME_DERIVED		2018-07-25	9ff7d317-609b-4c08-bd86-3bc404b77c42	
Linaria supina (L.) Chazelles	Linaria supina (L.) Chaz.	SYNONYM	Linaria supina subsp. supina	5415009	6070567	Plantae	CONFLICTING_BASIONYM_COMBINATION	8233535	2018-07-25	9ff7d317-609b-4c08-bd86-3bc404b77c42	
Notodanthonia gracilis (Hook. f.) Zotov	Notodanthonia gracilis (Hook.f.) Zotov	SYNONYM	Rytidosperma gracile (Hook.f.) Connor & Edgar	4146338	4136338	Plantae		4136338	2018-07-25	9ff7d317-609b-4c08-bd86-3bc404b77c42	
Setaria adhaerens (Forssk.) Chiov.	Setaria adhaerens (Forssk.) Chiov.	SYNONYM	Setaria verticillata (L.) P.Beauv.	5289670	5289686	Plantae	ORIGINAL_NAME_DERIVED		2018-07-25	9ff7d317-609b-4c08-bd86-3bc404b77c42	
Setaria verticillata (L.) Beauv. var. ambigua (Guss.) Parl.	Setaria verticillata var. ambigua (Guss.) Parl.	SYNONYM	Setaria verticillata (L.) P.Beauv.	7908347	5289686	Plantae		5289686	2018-07-25	9ff7d317-609b-4c08-bd86-3bc404b77c42	
Panicum capillare subsp. hillmanii (Chase) Freckmann & Lelong	Panicum capillare subsp. hillmanii (Chase) Freckmann & Lelong	SYNONYM	Panicum hillmanii Chase	4153082	2705098	Plantae			2018-07-25	9ff7d317-609b-4c08-bd86-3bc404b77c42	
Triticum durum Desf.	Triticum durum Desf.	SYNONYM	Triticum turgidum subsp. durum (Desf.) Husn.	2706389	6313051	Plantae			2018-07-25	9ff7d317-609b-4c08-bd86-3bc404b77c42	
Avena hispanica Ard.	Avena hispanica Ard.	SYNONYM	Avena strigosa Schreb.	8027936	2705295	Plantae			2018-07-25	9ff7d317-609b-4c08-bd86-3bc404b77c42	
Eragrostis advena (Stapf) S.M. Phillips	Eragrostis advena (Stapf) S.M.Phillips	SYNONYM	Sporobolus advenus (Stapf) P.M.Peterson	4150785	9267300	Plantae			2018-07-25	9ff7d317-609b-4c08-bd86-3bc404b77c42	
Setaria pumila (Poiret) Roem. & Schult.	Setaria pumila (Poir.) Roem. & Schult.	SYNONYM	Setaria helvola Roem. & Schult.	5289693	5673972	Plantae			2018-07-25	9ff7d317-609b-4c08-bd86-3bc404b77c42	
Crypsis aculeata (L.) Ait.	Crypsis aculeata (L.) Aiton	SYNONYM	Sporobolus aculeatus (L.) P.M.Peterson	5290184	9379326	Plantae	ORIGINAL_NAME_DERIVED		2018-07-25	9ff7d317-609b-4c08-bd86-3bc404b77c42	
Panicum capillare L. subsp. barbipulvinatum (Nash) Tzvelev	Panicum capillare subsp. barbipulvinatum (Nash ex Rydb.) Tzvelev	SYNONYM	Panicum capillare L.	6313647	2705162	Plantae	ORIGINAL_NAME_DERIVED		2018-07-25	9ff7d317-609b-4c08-bd86-3bc404b77c42	
Phalaris arundinacea L. var. picta L.	Phalaris arundinacea var. picta L.	SYNONYM	Phalaris arundinacea L.	5289757	5289756	Plantae		5289756	2018-07-25	9ff7d317-609b-4c08-bd86-3bc404b77c42	
Eleusine indica (L.) Gaertn. subsp. indica	Eleusine indica subsp. indica	SYNONYM	Eleusine indica (L.) Gaertn.	6431270	2705953	Plantae		2705953	2018-07-25	9ff7d317-609b-4c08-bd86-3bc404b77c42	
Pennisetum flaccidum Griseb.	Pennisetum flaccidum Griseb.	SYNONYM	Cenchrus flaccidus (Griseb.) Morrone	2706137	5828216	Plantae		5828216	2018-07-25	9ff7d317-609b-4c08-bd86-3bc404b77c42	
Echinochloa muricata (Beauv.) Fernald var. wiegandii (Fassett) Mohlenbr.	Echinochloa muricata var. wiegandii (Fassett) Mohlenbr.	SYNONYM	Echinochloa muricata (P.Beauv.) Fernald	4118560	2702816	Plantae	ORIGINAL_NAME_DERIVED		2018-07-25	9ff7d317-609b-4c08-bd86-3bc404b77c42	
Hystrix patula Moench	Hystrix patula Moench	SYNONYM	Elymus hystrix L.	4146782	8112114	Plantae			2018-07-25	9ff7d317-609b-4c08-bd86-3bc404b77c42	
Digitaria sanguinalis (L.) Scop. subsp. pectiniformis Henr.	Digitaria sanguinalis subsp. pectiniformis Henrard	SYNONYM	Digitaria sanguinalis (L.) Scop.	5675253	5289972	Plantae		5289972	2018-07-25	9ff7d317-609b-4c08-bd86-3bc404b77c42	
Dinebra panicea (Retz.) P.M. Peterson & N. Snow var. brachiata (Steud.) P.M. Peterson & N. Snow	Dinebra panicea var. brachiata (Steud.) P.M.Peterson & N.Snow	SYNONYM	Leptochloa panicea subsp. brachiata (Steud.) N.Snow	8306067	4132112	Plantae	ORIGINAL_NAME_DERIVED		2018-07-25	9ff7d317-609b-4c08-bd86-3bc404b77c42	
Paspalum notatum Flueggé var. saurae (Parodi) Parodi	Paspalum notatum var. saurae Parodi	SYNONYM	Paspalum saurae (Parodi) Parodi	4106609	4154259	Plantae			2018-07-25	9ff7d317-609b-4c08-bd86-3bc404b77c42	
Pleioblastus pumilus (Mitford) Nakai	Pleioblastus pumilus (Mitford) Nakai	SYNONYM	Pleioblastus argenteostriatus (Regel) Nakai	4131135	4132188	Plantae			2018-07-25	9ff7d317-609b-4c08-bd86-3bc404b77c42	
Hordeum leporinum Link	Hordeum leporinum Link	SYNONYM	Hordeum murinum subsp. leporinum (Link) Arcang.	4115652	4270548	Plantae			2018-07-25	9ff7d317-609b-4c08-bd86-3bc404b77c42	
Eragrostis albensis H. Scholz	Eragrostis albensis H.Scholz	SYNONYM	Eragrostis pilosa P.Beauv.	4150679	2705400	Plantae			2018-07-25	9ff7d317-609b-4c08-bd86-3bc404b77c42	
Bromus diandrus Roth subsp. maximus (Desf.) Soó	Bromus diandrus subsp. maximus (Desf.) Soó	SYNONYM	Bromus rigidus Roth	4110334	2703663	Plantae	ORIGINAL_NAME_DERIVED		2018-07-25	9ff7d317-609b-4c08-bd86-3bc404b77c42	
Hordeum geniculatum All.	Hordeum geniculatum All.	SYNONYM	Hordeum marinum subsp. gussoneanum (Parl.) Thell.	4116522	8338571	Plantae			2018-07-25	9ff7d317-609b-4c08-bd86-3bc404b77c42	
Echinochloa muricata (Beauv.) Fernald var. microstachya Wiegand	Echinochloa muricata var. microstachya Wiegand	SYNONYM	Echinochloa muricata (P.Beauv.) Fernald	4118583	2702816	Plantae			2018-07-25	9ff7d317-609b-4c08-bd86-3bc404b77c42	
Helictotrichon bromoides (Gouan) C.E. Hubbard	Helictotrichon bromoides (Gouan) C.E.Hubb.	SYNONYM	Helictochloa bromoides (Gouan) Romero Zarco	4153260	6559940	Plantae	ORIGINAL_NAME_DERIVED		2018-07-25	9ff7d317-609b-4c08-bd86-3bc404b77c42	
Bromus hordeaceus L. subsp. pseudothominei (P.M. Smith) H. Scholz	Bromus hordeaceus subsp. pseudothominei (P.M.Sm.) H.Scholz	SYNONYM	Bromus ferronii Mabille	5927747	4124881	Plantae	ORIGINAL_NAME_DERIVED		2018-07-25	9ff7d317-609b-4c08-bd86-3bc404b77c42	
Phalaris paradoxa L. var. paradoxa	Phalaris paradoxa var. paradoxa	SYNONYM	Phalaris paradoxa L.	6067713	5289758	Plantae		5289758	2018-07-25	9ff7d317-609b-4c08-bd86-3bc404b77c42	
Triticum polonicum L.	Triticum polonicum L.	SYNONYM	Triticum turgidum subsp. polonicum (L.) Thell.	2706421	6313049	Plantae			2018-07-25	9ff7d317-609b-4c08-bd86-3bc404b77c42	
Urochloa mutica (Forssk.) T.Q. Nguyen	Urochloa mutica (Forssk.) T.Q.Nguyen	SYNONYM	Brachiaria mutica Stapf	2705848	2705851	Plantae			2018-07-25	9ff7d317-609b-4c08-bd86-3bc404b77c42	
Elymus scaber (R. Brown) A. Löve	Elymus scaber (R.Br.) A.Love	SYNONYM	Anthosachne scabra (Labill.) Nevski	7324613	4134265	Plantae			2018-07-25	9ff7d317-609b-4c08-bd86-3bc404b77c42	
Piptatherum miliaceum (L.) Coss. subsp. thomasii (Duby) Freitag	Piptatherum miliaceum subsp. thomasii (Duby) Freitag	SYNONYM	Achnatherum miliaceum P.Beauv.	4134872	4141737	Plantae	ORIGINAL_NAME_DERIVED		2018-07-25	9ff7d317-609b-4c08-bd86-3bc404b77c42	
Austrodanthonia setacea (R. Brown) H.P. Linder	Austrodanthonia setacea (R.Br.) H.P.Linder	SYNONYM	Rytidosperma setaceum (R.Br.) Connor & Edgar	4107735	4135683	Plantae			2018-07-25	9ff7d317-609b-4c08-bd86-3bc404b77c42	
Echinochloa hispidula (Retz.) Nees ex Royle	Echinochloa hispidula (Retz.) Nees ex Royle	SYNONYM	Echinochloa oryzoides (Ard.) Fritsch	8002116	2702820	Plantae	ORIGINAL_NAME_DERIVED,CONFLICTING_BASIONYM_COMBINATION		2018-07-25	9ff7d317-609b-4c08-bd86-3bc404b77c42	
Bromus hordeaceus L. subsp. molliformis (Lloyd) Maire & Weiller	Bromus hordeaceus subsp. molliformis (J.Lloyd ex Billot) Maire & Weiller	SYNONYM	Bromus hordeaceus subsp. divaricatus (Bonnier & de Layens) Kerguélen	6312441	8918909	Plantae			2018-07-25	9ff7d317-609b-4c08-bd86-3bc404b77c42	
Agrostis lachnantha Nees	Agrostis lachnantha Nees	SYNONYM	Lachnagrostis lachnantha (Nees) Rúgolo & A.M.Molina	4121178	4135892	Plantae		4135892	2018-07-25	9ff7d317-609b-4c08-bd86-3bc404b77c42	
Thinopyrum ponticum (Podp.) M.Barkworth & D.R. Dewey	Thinopyrum ponticum (Podp.) Barkworth & D.R.Dewey	SYNONYM	Thinopyrum elongatum (Host) D.R.Dewey	2704143	4125808	Plantae			2018-07-25	9ff7d317-609b-4c08-bd86-3bc404b77c42	
Austrodanthonia tenuior (Steud.) H.P. Linder	Austrodanthonia tenuior (Steud.) H.P.Linder	SYNONYM	Rytidosperma tenuius (Steud.) A.Hansen & Sunding	4107725	7517279	Plantae		7517279	2018-07-25	9ff7d317-609b-4c08-bd86-3bc404b77c42	
Eragrostis chloromelas Steud.	Eragrostis chloromelas Steud.	SYNONYM	Eragrostis curvula Nees	2705380	2705378	Plantae			2018-07-25	9ff7d317-609b-4c08-bd86-3bc404b77c42	
Urochloa plantaginea (Link) R. Webster	Urochloa plantaginea (Link) R.D.Webster	SYNONYM	Panicum brevifolium L.	2705828	4153922	Plantae	CONFLICTING_BASIONYM_COMBINATION		2018-07-25	9ff7d317-609b-4c08-bd86-3bc404b77c42	
Secale strictum (C. Presl) C. Presl	Secale strictum (C.Presl) C.Presl	SYNONYM	Secale montanum Guss.	4121049	2705967	Plantae			2018-07-25	9ff7d317-609b-4c08-bd86-3bc404b77c42	
Festuca brevipila R. Tracey	Festuca brevipila R.Tracey	SYNONYM	Festuca trachyphylla Hack.	2704955	2704949	Plantae			2018-07-25	9ff7d317-609b-4c08-bd86-3bc404b77c42	
Stipa bromoides (L.) Dörfl.	Stipa bromoides (L.) Dörfl.	SYNONYM	Achnatherum bromoides (L.) P.Beauv.	4143865	4142335	Plantae			2018-07-25	9ff7d317-609b-4c08-bd86-3bc404b77c42	
Digitaria ciliaris (Retz.) Koeler subsp. nubica (Stapf) S.T. Blake	Digitaria ciliaris subsp. nubica (Stapf) S.T.Blake	SYNONYM	Digitaria ciliaris (Retz.) Koeler	7736068	5289998	Plantae	ORIGINAL_NAME_DERIVED		2018-07-25	9ff7d317-609b-4c08-bd86-3bc404b77c42	
Aira caryophyllea subsp. plesiantha (Jord.) K. Richt.	Aira caryophyllea subsp. plesiantha (Jord. ex Boreau) K.Richt.	SYNONYM	Aira caryophyllea L.	6084799	7747216	Plantae	ORIGINAL_NAME_DERIVED		2018-07-25	9ff7d317-609b-4c08-bd86-3bc404b77c42	
Vulpia alopecuros (Schousb.) Dum.	Vulpia alopecuros (Schousb.) Dumort.	SYNONYM	Vulpia alopecuros (Schousb.) Link	7477513	5827791	Plantae	ORIGINAL_NAME_DERIVED,CONFLICTING_BASIONYM_COMBINATION		2018-07-25	9ff7d317-609b-4c08-bd86-3bc404b77c42	
Pennisetum petiolare (Hochst.) Chiov.	Pennisetum petiolare (Hochst.) Chiov.	SYNONYM	Cenchrus petiolaris (Hochst.) Morrone	2706130	6068804	Plantae			2018-07-25	9ff7d317-609b-4c08-bd86-3bc404b77c42	
Phalaris paradoxa L. var. praemorsa (Lam.) Coss. & Durieu	Phalaris paradoxa var. praemorsa (Lam.) Coss. & Durieu	SYNONYM	Phalaris paradoxa L.	8008561	5289758	Plantae	ORIGINAL_NAME_DERIVED		2018-07-25	9ff7d317-609b-4c08-bd86-3bc404b77c42	
Panicum capillare L. subsp. capillare	Panicum capillare subsp. capillare	SYNONYM	Panicum capillare L.	6449040	2705162	Plantae		2705162	2018-07-25	9ff7d317-609b-4c08-bd86-3bc404b77c42	
Eragrostis trichophora Coss. & Durieu	Eragrostis trichophora Coss. & Durieu	SYNONYM	Eragrostis cylindriflora Hochst.	2705367	2705391	Plantae			2018-07-25	9ff7d317-609b-4c08-bd86-3bc404b77c42	
Piptatherum miliaceum (L.) Coss. subsp. miliaceum	Piptatherum miliaceum subsp. miliaceum	SYNONYM	Achnatherum miliaceum P.Beauv.	6067668	4141737	Plantae			2018-07-25	9ff7d317-609b-4c08-bd86-3bc404b77c42	
Dinebra divaricatissima (S.T. Blake) P.M. Peterson & N. Snow	Dinebra divaricatissima (S.T.Blake) P.M.Peterson & N.Snow	SYNONYM	Diplachne divaricatissima (S.T.Blake) P.M.Peterson	7738621	9316357	Plantae	ORIGINAL_NAME_DERIVED		2018-07-25	9ff7d317-609b-4c08-bd86-3bc404b77c42	
Pentameris airoides Nees	Pentameris airoides Nees	SYNONYM	Pentameris airoides Steud.	8180630	4146851	Plantae			2018-07-25	9ff7d317-609b-4c08-bd86-3bc404b77c42	
Brachyachne convergens (F. Muell.) Stapf	Brachyachne convergens (F.Muell.) Stapf	SYNONYM	Cynodon convergens F.Muell.	4131558	5677636	Plantae		5677636	2018-07-25	9ff7d317-609b-4c08-bd86-3bc404b77c42	
Agropyron cristatum (L.) Gaertn. subsp. pectinatum (Bieb.) Tzvelev	Agropyron cristatum subsp. pectinatum (M.Bieb.) Tzvelev	SYNONYM	Agropyron cristatum (L.) Gaertn.	4270510	2705196	Plantae	ORIGINAL_NAME_DERIVED		2018-07-25	9ff7d317-609b-4c08-bd86-3bc404b77c42	
Moorochloa eruciformis (Smith) Veldkamp	Moorochloa eruciformis (Sm.) Veldkamp	SYNONYM	Brachiaria eruciformis (Sm.) Griseb.	4155246	2704068	Plantae		2704068	2018-07-25	9ff7d317-609b-4c08-bd86-3bc404b77c42	
Panicum miliaceum L. subsp. ruderale (Kitagawa) Tzvelev	Panicum miliaceum subsp. ruderale (Kitag.) Tzvelev	SYNONYM	Panicum miliaceum L.	4134741	2705090	Plantae	ORIGINAL_NAME_DERIVED		2018-07-25	9ff7d317-609b-4c08-bd86-3bc404b77c42	
Crypsis schoenoides (L.) Lam.	Crypsis schoenoides (L.) Lam.	SYNONYM	Sporobolus schoenoides (L.) P.M.Peterson	5290185	9382716	Plantae	ORIGINAL_NAME_DERIVED		2018-07-25	9ff7d317-609b-4c08-bd86-3bc404b77c42	
Pennisetum alopecuroides (L.) Spreng.	Pennisetum alopecuroides (L.) Spreng.	SYNONYM	Cenchrus alopecuroides Thunb.	2706156	5671747	Plantae		5671747	2018-07-25	9ff7d317-609b-4c08-bd86-3bc404b77c42	
Spartina x townsendii H. & J. Groves	Spartina townsendii H.Groves & J.Groves	SYNONYM	Sporobolus townsendii (H.Groves & J.Groves) P.M.Peterson & Saarela	5290034	9393876	Plantae		9393876	2018-07-25	9ff7d317-609b-4c08-bd86-3bc404b77c42	
Bromus carinatus Hook. & Arnott var. marginatus (Nees) Barkworth & Anderton	Bromus carinatus var. marginatus (Nees ex Steud.) Barkworth & Anderton	SYNONYM	Bromus marginatus Steud.	4932863	2703686	Plantae		2703686	2018-07-25	9ff7d317-609b-4c08-bd86-3bc404b77c42	
Cynodon incompletus Nees var. hirsutus (Stent) de Wet & J.R. Harlan	Cynodon incompletus var. hirsutus (Stent) de Wet & Harlan	SYNONYM	Cynodon incompletus Nees	5679524	5674825	Plantae	ORIGINAL_NAME_DERIVED		2018-07-25	9ff7d317-609b-4c08-bd86-3bc404b77c42	
Eragrostis virescens J. Presl subsp. verloovei R. Portal	Eragrostis virescens subsp. verloovei Portal	SYNONYM	Eragrostis mexicana (Hornem.) Link	6084851	2705339	Plantae			2018-07-25	9ff7d317-609b-4c08-bd86-3bc404b77c42	
Taeniatherum caput-medusae (L.) Nevski var. caput-medusae	Taeniatherum caput-medusae var. caput-medusae	SYNONYM	Taeniatherum caput-medusae (L.) Nevski	4932718	2705666	Plantae		2705666	2018-07-25	9ff7d317-609b-4c08-bd86-3bc404b77c42	
Trisetaria michelii (Savi) D. Heller	Trisetaria michelii (Savi) D.Heller	SYNONYM	Avellinia festucoides (Link) Valdés & H.Scholz	4114539	4104665	Plantae	ORIGINAL_NAME_DERIVED		2018-07-25	9ff7d317-609b-4c08-bd86-3bc404b77c42	
Panicum miliaceum L. subsp. agricola H. Scholz & Mikoláš	Panicum miliaceum subsp. agricola H.Scholz & Mikolá	SYNONYM	Panicum miliaceum L.	4134826	2705090	Plantae		2705090	2018-07-25	9ff7d317-609b-4c08-bd86-3bc404b77c42	
Miscanthus sacchariflorus (Maxim.) Benth.	Miscanthus sacchariflorus (Maxim.) Benth., 1887	SYNONYM	Miscanthus sacchariflorus (Maxim.) Benth. & Hook.f. ex Franch.	8410425	7738766	Plantae	ORIGINAL_NAME_DERIVED,CONFLICTING_BASIONYM_COMBINATION		2018-07-25	9ff7d317-609b-4c08-bd86-3bc404b77c42	
Triticum spelta L.	Triticum spelta L.	SYNONYM	Triticum aestivum subsp. spelta (L.) Thell.	2706402	2706403	Plantae		2706403	2018-07-25	9ff7d317-609b-4c08-bd86-3bc404b77c42	
Crypsis alopecuroides (Pill. & Mitterp.) Schrad.	Crypsis alopecuroides (Piller & Mitterp.) Schrad.	SYNONYM	Sporobolus alopecuroides (Piller & Mitterp.) P.M.Peterson	5290186	9632508	Plantae	ORIGINAL_NAME_DERIVED		2018-07-25	9ff7d317-609b-4c08-bd86-3bc404b77c42	
Avena matritensis Baum	Avena matritensis B.R.Baum	SYNONYM	Avena barbata Link	4152909	2705300	Plantae			2018-07-25	9ff7d317-609b-4c08-bd86-3bc404b77c42	
Dactylis polygama Horv.	Dactylis polygama Horv.	SYNONYM	Dactylis glomerata subsp. lobata (Drejer) H.Lindb.	9224320	4932232	Plantae			2018-07-25	9ff7d317-609b-4c08-bd86-3bc404b77c42	
Festuca ovina L. subsp. hirtula (Hack. & Travis) M.J. Wilkinson	Festuca ovina subsp. hirtula (Hack. ex Travis) M.J.Wilk.	SYNONYM	Festuca guestfalica subsp. hirtula (Hack. ex Travis) Dengler	4118730	4123394	Plantae	ORIGINAL_NAME_DERIVED		2018-07-25	9ff7d317-609b-4c08-bd86-3bc404b77c42	
Bromus diandrus Roth subsp. diandrus	Bromus diandrus subsp. diandrus	SYNONYM	Bromus diandrus Roth	8190105	2703760	Plantae		2703760	2018-07-25	9ff7d317-609b-4c08-bd86-3bc404b77c42	
Polypogon rioplatensis Herter	Polypogon rioplatensis Herter	SYNONYM	Polypogon imberbis (Phil.) Johow	4153734	4154206	Plantae			2018-07-25	9ff7d317-609b-4c08-bd86-3bc404b77c42	
Panicum chloroticum Nees ex Trin.	Panicum chloroticum Nees ex Trin.	SYNONYM	Panicum dichotomiflorum Michx.	8357651	2705144	Plantae			2018-07-25	9ff7d317-609b-4c08-bd86-3bc404b77c42	
Dichanthelium clandestinum (L.) Gould	Dichanthelium clandestinum (L.) Gould	SYNONYM	Panicum clandestinum L.	2702543	2702544	Plantae	ORIGINAL_NAME_DERIVED		2018-07-25	9ff7d317-609b-4c08-bd86-3bc404b77c42	
Cenchrus incertus M.A. Curtis	Cenchrus incertus M.A.Curtis	SYNONYM	Cenchrus spinifex Cav.	5289728	5289726	Plantae			2018-07-25	9ff7d317-609b-4c08-bd86-3bc404b77c42	
Spartina pectinata Link	Spartina pectinata Bosc ex Link	SYNONYM	Sporobolus michauxianus (Hitchc.) P.M.Peterson & Saarela	5290030	9592414	Plantae			2018-07-25	9ff7d317-609b-4c08-bd86-3bc404b77c42	
Molinia caerulea (L.) Moench subsp. arundinacea (Schrank) K. Richt.	Molinia caerulea subsp. arundinacea (Schrank) K.Richt.	SYNONYM	Molinia caerulea (L.) Moench	8353934	5289877	Plantae	ORIGINAL_NAME_DERIVED		2018-07-25	9ff7d317-609b-4c08-bd86-3bc404b77c42	
Eleusine coracana subsp. africana (Kennedy-O’Byrne) Hilu & de Wet	Eleusine coracana subsp. africana (Kenn.-O'Byrne) Hilu & de Wet	SYNONYM	Eleusine africana Kenn.-O'Byrne	4115907	4124350	Plantae			2018-07-25	9ff7d317-609b-4c08-bd86-3bc404b77c42	
Urochloa platyphylla (Munro ex Wright) R. Webster	Urochloa platyphylla (Munro ex C.Wright) R.D.Webster	SYNONYM	Brachiaria platyphylla (Munro ex C.Wright) Nash	2705854	2705857	Plantae		2705857	2018-07-25	9ff7d317-609b-4c08-bd86-3bc404b77c42	
Aira elegantissima Schur	Aira elegantissima Schur	SYNONYM	Aira elegans Willd. ex Roem. & Schult.	5289579	7948459	Plantae			2018-07-25	9ff7d317-609b-4c08-bd86-3bc404b77c42	
Dinebra decipiens var. peacockii (Maiden & Betche) P.M. Peterson & N. Snow	Dinebra decipiens var. peacockii (Maiden & Betche) P.M.Peterson & N.Snow	SYNONYM	Leptochloa decipiens subsp. peacockii (Maiden & Betche) N.Snow	8328801	4132902	Plantae	ORIGINAL_NAME_DERIVED		2018-07-25	9ff7d317-609b-4c08-bd86-3bc404b77c42	
Avena sterilis L. subsp. ludoviciana (Durieu) Nyman	Avena sterilis subsp. ludoviciana (Durieu) Nyman	SYNONYM	Avena sterilis subsp. ludoviciana (Durieu) M.Gillet & Magne	2705287	8429888	Plantae	ORIGINAL_NAME_DERIVED,CONFLICTING_BASIONYM_COMBINATION		2018-07-25	9ff7d317-609b-4c08-bd86-3bc404b77c42	
Hordeum glaucum Steud.	Hordeum glaucum Steud.	SYNONYM	Hordeum murinum subsp. glaucum (Steud.) Tzvelev	4116483	4115425	Plantae			2018-07-25	9ff7d317-609b-4c08-bd86-3bc404b77c42	
Echinochloa oryzicola (Vasing.) Vasing.	Echinochloa oryzicola Vasinger	SYNONYM	Echinochloa oryzoides (Ard.) Fritsch	2702817	2702820	Plantae			2018-07-25	9ff7d317-609b-4c08-bd86-3bc404b77c42	
Vulpia myuros (L.) C.C. Gmel. var. megalura (Nutt.) Auquier	Vulpia myuros var. megalura (Nutt.) Auquier	SYNONYM	Vulpia myuros (L.) C.C.Gmel.	8091833	5289590	Plantae	ORIGINAL_NAME_DERIVED		2018-07-25	9ff7d317-609b-4c08-bd86-3bc404b77c42	
Diplachne parviflora (R. Brown) Benth.	Diplachne parviflora (R.Br.) Benth.	SYNONYM	Diplachne fusca subsp. fusca	4122787	7998563	Plantae			2018-07-25	9ff7d317-609b-4c08-bd86-3bc404b77c42	
Lolium subulatum Vis.	Lolium subulatum Vis.	SYNONYM	Lolium rigidum Gaudin	9231612	2706218	Plantae			2018-07-25	9ff7d317-609b-4c08-bd86-3bc404b77c42	
Zuloagaea bulbosa (Kunth) Bess	Zuloagaea bulbosa (Kunth) Bess	SYNONYM	Panicum bulbosum Kunth	4138275	2705106	Plantae			2018-07-25	9ff7d317-609b-4c08-bd86-3bc404b77c42	
Rorippa stylosa (Pers.) Mansf. & Rothm.	Rorippa stylosa (Pers.) Mansf. & Rothm.	SYNONYM	Rorippa pyrenaica (All.) Rchb.	3053252	3053399	Plantae	ORIGINAL_NAME_DERIVED		2018-07-25	9ff7d317-609b-4c08-bd86-3bc404b77c42	
Noccaea brachypetala (Jord.) F.K. Mey.	Noccaea brachypetala (Jord.) F.K.Mey.	SYNONYM	Noccaea caerulescens subsp. brachypetala (Jord.) Tzvelev	3045473	3045464	Plantae	ORIGINAL_NAME_DERIVED		2018-07-25	9ff7d317-609b-4c08-bd86-3bc404b77c42	
Erucastrum incanum (L.) Koch	Erucastrum incanum (L.) W.D.J.Koch	SYNONYM	Sinapis incana L.	5376070	3047620	Plantae			2018-07-25	9ff7d317-609b-4c08-bd86-3bc404b77c42	
Sinapis dissecta Lag.	Sinapis dissecta Lag.	SYNONYM	Sinapis alba subsp. dissecta (Lag.) Simonk.	3047634	3047633	Plantae		3047633	2018-07-25	9ff7d317-609b-4c08-bd86-3bc404b77c42	
Matthiola longipetala (Vent.) DC. subsp. bicornis (Sibth. & Smith) P.W. Ball	Matthiola longipetala subsp. bicornis (Sm.) P.W.Ball	SYNONYM	Matthiola longipetala subsp. longipetala	7740944	7225577	Plantae	ORIGINAL_NAME_DERIVED		2018-07-25	9ff7d317-609b-4c08-bd86-3bc404b77c42	
Lepidium draba L. subsp. draba	Lepidium draba subsp. draba	SYNONYM	Lepidium draba L.	5376966	5376961	Plantae		5376961	2018-07-25	9ff7d317-609b-4c08-bd86-3bc404b77c42	
Rorippa x armoracioides (Tausch) Fuss	Rorippa armoracioides (Tausch) Fuss	SYNONYM	Rorippa anceps (Wahlenb.) Rchb.	3693306	3693336	Plantae	ORIGINAL_NAME_DERIVED		2018-07-25	9ff7d317-609b-4c08-bd86-3bc404b77c42	
Euclidium syriacum (L.) R. Brown	Euclidium syriacum (L.) R.Br.	SYNONYM	Euclidium syriacum (L.) W.T.Aiton	8191598	3049314	Plantae	ORIGINAL_NAME_DERIVED,CONFLICTING_BASIONYM_COMBINATION		2018-07-25	9ff7d317-609b-4c08-bd86-3bc404b77c42	
Arabis alpina L. subsp. caucasica (Willd. ex Schlecht.) Briq.	Arabis alpina subsp. caucasica (Willd. ex Schlecht.) Briq.	SYNONYM	Arabis caucasica Willd.	5374930	5374922	Plantae	ORIGINAL_NAME_DERIVED		2018-07-25	9ff7d317-609b-4c08-bd86-3bc404b77c42	
Crambe abyssinica Hochst. ex R.E. Fries	Crambe abyssinica Hochst. ex R.E.Fr.	SYNONYM	Crambe hispanica subsp. abyssinica (Hochst. ex R.E.Fr.) A.Prina	5373484	8510990	Plantae		8510990	2018-07-25	9ff7d317-609b-4c08-bd86-3bc404b77c42	
Barbarea stricta Andrz.	Barbarea stricta Andrz.	SYNONYM	Barbarea stricta Andrz. ex Besser	7560578	5374614	Plantae	CONFLICTING_BASIONYM_COMBINATION	5374614	2018-07-25	9ff7d317-609b-4c08-bd86-3bc404b77c42	
Lepidium neglectum Thell.	Lepidium neglectum Thell.	SYNONYM	Lepidium densiflorum Schrad.	5377072	5377064	Plantae			2018-07-25	9ff7d317-609b-4c08-bd86-3bc404b77c42	
Strigosella africana (L.) Botsch. var. laxa (Lam.) Botsch	Strigosella africana var. laxa (Lam.) Botsch.	SYNONYM	Strigosella africana (L.) Botsch.	5373456	5373440	Plantae	ORIGINAL_NAME_DERIVED		2018-07-25	9ff7d317-609b-4c08-bd86-3bc404b77c42	
Erysimum ruscinonense Jord.	Erysimum ruscinonense Jord.	SYNONYM	Erysimum nevadense subsp. collisparsum (Jordan) P.W.Ball	3048071	3048069	Plantae			2018-07-25	9ff7d317-609b-4c08-bd86-3bc404b77c42	
Lepidium draba L. subsp. chalepense (L.) Thell.	Lepidium draba subsp. chalepense (L.) Thell.	SYNONYM	Lepidium chalepense L.	5928306	5376514	Plantae	ORIGINAL_NAME_DERIVED,CONFLICTING_BASIONYM_COMBINATION		2018-07-25	9ff7d317-609b-4c08-bd86-3bc404b77c42	
Heracleum sibiricum L.	Heracleum sibiricum L.	SYNONYM	Heracleum sphondylium subsp. sibiricum (L.) Simonk.	6027427	4271356	Plantae		4271356	2018-07-25	9ff7d317-609b-4c08-bd86-3bc404b77c42	
Ammi visnaga (L.) Lam.	Ammi visnaga (L.) Lam.	SYNONYM	Visnaga daucoides Gaertn.	3034183	5371753	Plantae			2018-07-25	9ff7d317-609b-4c08-bd86-3bc404b77c42	
Seseli montanum L.	Seseli montanum L.	SYNONYM	Hippomarathrum montanum subsp. montanum	6026420	8046546	Plantae			2018-07-25	9ff7d317-609b-4c08-bd86-3bc404b77c42	
Orlaya platycarpos Koch	Orlaya platycarpos (L.) W.D.J.Koch	SYNONYM	Caucalis platycarpos L.	3638223	3034523	Plantae	ORIGINAL_NAME_DERIVED		2018-07-25	9ff7d317-609b-4c08-bd86-3bc404b77c42	
Amaranthus acutilobus Uline & Bray	Amaranthus acutilobus Uline & Bray	SYNONYM	Amaranthus emarginatus subsp. emarginatus	5384333	7323251	Plantae			2018-07-25	9ff7d317-609b-4c08-bd86-3bc404b77c42	
Amaranthus hybridus L. subsp. hybridus var. hybridus	Amaranthus hybridus var. hybridus	SYNONYM	Amaranthus hybridus L.	7323184	5384364	Plantae		5384364	2018-07-25	9ff7d317-609b-4c08-bd86-3bc404b77c42	
Amaranthus tuberculatus (Moq.) Sauer var. rudis (Sauer) Costea & Tardif	Amaranthus tuberculatus var. rudis (J.D.Sauer) Costea & Tardif	SYNONYM	Amaranthus tuberculatus (Moq. ex DC.) J.D.Sauer	5548360	5384347	Plantae	ORIGINAL_NAME_DERIVED,CONFLICTING_BASIONYM_COMBINATION		2018-07-25	9ff7d317-609b-4c08-bd86-3bc404b77c42	
Amaranthus hybridus L. subsp. hybridus var. pseudoretroflexus (Thell.) Carretero	Amaranthus hybridus var. pseudoretroflexus (Thell.) J.L.Carretero	SYNONYM	Amaranthus powellii S.Watson	5547860	5384359	Plantae	ORIGINAL_NAME_DERIVED		2018-07-25	9ff7d317-609b-4c08-bd86-3bc404b77c42	
Amaranthus x ralletii Contré	Amaranthus ×ralletii Contré	SYNONYM	Amaranthus ozanonii Piszter	7975549	7576335	Plantae			2018-07-25	9ff7d317-609b-4c08-bd86-3bc404b77c42	
Corispermum gmelinii Bunge	Corispermum gmelinii Bunge	SYNONYM	Corispermum declinatum var. tylocarpum (Hance) C.P.Tsien & C.G.Ma	7648345	3759901	Plantae			2018-07-25	9ff7d317-609b-4c08-bd86-3bc404b77c42	
Amaranthus powellii S. Watson subsp. bouchonii (Thell.) Costea & Carretero	Amaranthus powellii subsp. bouchonii (Thell.) Costea & Carretero	SYNONYM	Amaranthus bouchonii Thell.	5548528	5384361	Plantae		5384361	2018-07-25	9ff7d317-609b-4c08-bd86-3bc404b77c42	
Alternanthera nodiflora R. Brown	Alternanthera nodiflora R.Br.	SYNONYM	Alternanthera sessilis (L.) DC.	7323675	3084939	Plantae			2018-07-25	9ff7d317-609b-4c08-bd86-3bc404b77c42	
Amaranthus hybridus L. subsp. quitensis (Kunth) Costea & Carretero	Amaranthus hybridus subsp. quitensis (Kunth) Costea & Carretero	SYNONYM	Amaranthus quitensis Kunth	5547857	7323711	Plantae		7323711	2018-07-25	9ff7d317-609b-4c08-bd86-3bc404b77c42	
Bassia scoparia (L.) Voss s.l.	Bassia scoparia (L.) Voss	SYNONYM	Bassia scoparia subsp. scoparia	7852603	7219488	Plantae	ORIGINAL_NAME_DERIVED		2018-07-25	9ff7d317-609b-4c08-bd86-3bc404b77c42	
Einadia polygonoides (J. Murr) Wilson	Einadia polygonoides (Murr) Paul G.Wilson	SYNONYM	Chenopodium polygonoides (Murr) Aellen	3757344	3757457	Plantae			2018-07-25	9ff7d317-609b-4c08-bd86-3bc404b77c42	
Amaranthus macrocarpus Benth. var. pallidus Benth.	Amaranthus macrocarpus var. pallidus Benth.	SYNONYM	Amaranthus macrocarpus subsp. pallidus (Benth.) N.Bayón	5548724	9454901	Plantae			2018-07-25	9ff7d317-609b-4c08-bd86-3bc404b77c42	
Teloxys aristata (L.) Moq.	Teloxys aristata (L.) Moq.	SYNONYM	Dysphania aristata (L.) Mosyakin & Clemants	3083888	5568439	Plantae	ORIGINAL_NAME_DERIVED		2018-07-25	9ff7d317-609b-4c08-bd86-3bc404b77c42	
Alternanthera tenella Colla	Alternanthera tenella Colla	SYNONYM	Alternanthera ficoidea R.Br.	3084968	8160803	Plantae			2018-07-25	9ff7d317-609b-4c08-bd86-3bc404b77c42	
Alternanthera denticulata R. Brown	Alternanthera denticulata R.Br.	SYNONYM	Alternanthera sessilis (L.) DC.	7655198	3084939	Plantae	CONFLICTING_BASIONYM_COMBINATION		2018-07-25	9ff7d317-609b-4c08-bd86-3bc404b77c42	
Stachys macrantha (C. Koch) Stearn	Stachys macrantha (K.Koch) Stearn	SYNONYM	Betonica macrantha K.Koch	3881468	3905825	Plantae	ORIGINAL_NAME_DERIVED		2018-07-25	9ff7d317-609b-4c08-bd86-3bc404b77c42	
Caryopteris x clandonensis N.W. Simmonds ex Rehder	Caryopteris ×clandonensis N.W.Simmonds ex Rehder	SYNONYM	Caryopteris incana x mongholica	9401236	9784442	Plantae			2018-07-25	9ff7d317-609b-4c08-bd86-3bc404b77c42	
Clinopodium nepeta Kuntze subsp. glandulosum (Req.) Govaerts	Clinopodium nepeta subsp. glandulosum (Req.) Govaerts	SYNONYM	Clinopodium nepeta subsp. spruneri (Boiss.) Bartolucci & F.Conti	3886262	7757431	Plantae			2018-07-25	9ff7d317-609b-4c08-bd86-3bc404b77c42	
Mentha spicata L. subsp. glabrata (Lej. & Court.) Lebeau	Mentha spicata subsp. glabrata (Lej. & Courtois) Lebeau	SYNONYM	Mentha spicata subsp. spicata	3895556	7308335	Plantae	ORIGINAL_NAME_DERIVED		2018-07-25	9ff7d317-609b-4c08-bd86-3bc404b77c42	
Clinopodium grandiflorum (L.) O. Kuntze	Clinopodium grandiflorum (L.) Kuntze	SYNONYM	Drymosiphon grandiflorus (L.) Melnikov	7437438	9269392	Plantae			2018-07-25	9ff7d317-609b-4c08-bd86-3bc404b77c42	
Thymus pannonicus All.	Thymus pannonicus All.	SYNONYM	Thymus pulegioides subsp. pannonicus (All.) Kerguélen	5341447	5605749	Plantae			2018-07-25	9ff7d317-609b-4c08-bd86-3bc404b77c42	
Salvia lavandulifolia Vahl subsp. gallica Lippert	Salvia lavandulifolia subsp. gallica W.Lippert	SYNONYM	Salvia officinalis subsp. gallica (W.Lippert) Reales, D.Rivera & Obón	3898065	6411218	Plantae			2018-07-25	9ff7d317-609b-4c08-bd86-3bc404b77c42	
Mentha x smithiana R.A. Graham	Mentha smithiana R.A.Graham	SYNONYM	Mentha wirtgeniana F.W.Schultz	2927185	3893979	Plantae			2018-07-25	9ff7d317-609b-4c08-bd86-3bc404b77c42	
Rosmarinus officinalis L.	Rosmarinus officinalis L.	SYNONYM	Salvia rosmarinus Schleiden	2926634	3889108	Plantae			2018-07-25	9ff7d317-609b-4c08-bd86-3bc404b77c42	
Acer palmatum Thunb.	Acer palmatum Thunb.	SYNONYM	Acer palmatum C.P.Thunberg ex A.Murray	3189882	7912328	Plantae	CONFLICTING_BASIONYM_COMBINATION	7912328	2018-07-25	9ff7d317-609b-4c08-bd86-3bc404b77c42	
Anogramma chaerophylla (Desv.) Link	Anogramma chaerophylla (Desv.) Link	SYNONYM	Gastoniella chaerophylla (Desv.) Li Bing Zhang & Liang Zhang	5566061	9662775	Plantae			2018-07-25	9ff7d317-609b-4c08-bd86-3bc404b77c42	
Adiantum raddianum C. Presl	Adiantum raddianum C.Presl	SYNONYM	Doryopteris raddiana (Pr.) F	2651826	7335777	Plantae	CONFLICTING_BASIONYM_COMBINATION	7335777	2018-07-25	9ff7d317-609b-4c08-bd86-3bc404b77c42	
Amsinckia retrorsa Suksd.	Amsinckia retrorsa Suksd.	SYNONYM	Amsinckia menziesii (Lehm.) A.Nels.Macbr.	4067952	2925870	Plantae			2018-07-25	9ff7d317-609b-4c08-bd86-3bc404b77c42	
Amsinckia micrantha Suksd.	Amsinckia micrantha Suksdorf	SYNONYM	Amsinckia menziesii (Lehm.) A.Nels.Macbr.	4058401	2925870	Plantae			2018-07-25	9ff7d317-609b-4c08-bd86-3bc404b77c42	
Omphalodes linifolia (L.) Moench	Omphalodes linifolia (L.) Moench	SYNONYM	Iberodes linifolia (L.) Serrano, R.Carbajal & S.Ortiz	2926050	9629001	Plantae	ORIGINAL_NAME_DERIVED		2018-07-25	9ff7d317-609b-4c08-bd86-3bc404b77c42	
Nemophila menziesii Hook. & Arnott var. integrifolia Parish	Nemophila menziesii var. integrifolia Parish.	SYNONYM	Nemophila menziesii var. integrifolia (Parish) Brand	3611735	7536406	Plantae	CONFLICTING_BASIONYM_COMBINATION	7536406	2018-07-25	9ff7d317-609b-4c08-bd86-3bc404b77c42	
Anchusa ovata Lehm.	Anchusa ovata Lehm.	SYNONYM	Lycopsis arvensis subsp. orientalis (L.) Kuzn.	5662067	8167990	Plantae			2018-07-25	9ff7d317-609b-4c08-bd86-3bc404b77c42	
Aconogonon campanulatum (Hook. f.) H. Hara	Aconogonon campanulatum (Hook.fil.) Hara	SYNONYM	Koenigia campanulata (Hook.f.) T.M.Schust. & Reveal	6391389	9018536	Plantae	ORIGINAL_NAME_DERIVED		2018-07-25	9ff7d317-609b-4c08-bd86-3bc404b77c42	
Reynoutria compacta (Hook. f.) Nakai	Reynoutria compacta (Hook.fil.) Nakai	SYNONYM	Reynoutria japonica Houtt.	6709291	2889173	Plantae	ORIGINAL_NAME_DERIVED		2018-07-25	9ff7d317-609b-4c08-bd86-3bc404b77c42	
Rumex fueginus  Phil.	Rumex fueginus R.Phil.	SYNONYM	Rumex persicarioides var. fueginus (Phil.) A.Haines	2888982	7350964	Plantae			2018-07-25	9ff7d317-609b-4c08-bd86-3bc404b77c42	
x Reyllopia conollyana (J.P. Bailey) Galasso	×Reyllopia conollyana (J.P.Bailey) Galasso	SYNONYM	Fallopia baldschuanica x japonica	4038524	9758813	Plantae	CONFLICTING_BASIONYM_COMBINATION	9758813	2018-07-25	9ff7d317-609b-4c08-bd86-3bc404b77c42	
Aconogonon x fennicum Reiersen	Aconogonon fennicum Reiersen	SYNONYM	Koenigia fennica (Reiersen) T.M.Schust. & Reveal	4035232	8773480	Plantae			2018-07-25	9ff7d317-609b-4c08-bd86-3bc404b77c42	
Emex spinosa (L.) Campd.	Emex spinosa (L.) Campd.	SYNONYM	Rumex spinosus L.	2888869	2888870	Plantae			2018-07-25	9ff7d317-609b-4c08-bd86-3bc404b77c42	
Rubrivena polystachya (Wall. ex Meisn.) M. Král	Rubrivena polystachya (Wall.) M.Král	SYNONYM	Koenigia polystachya (Wall. ex Meisn.) T.M.Schust. & Reveal	4037343	8848208	Plantae			2018-07-25	9ff7d317-609b-4c08-bd86-3bc404b77c42	
Emex australis Steinh.	Emex australis Steinh.	SYNONYM	Rumex hypogaeus T.M.Schust. & Reveal	2888871	8909872	Plantae			2018-07-25	9ff7d317-609b-4c08-bd86-3bc404b77c42	
Aconogonon divaricatum (L.) Nakai	Aconogonon divaricatum (L.) Nakai	SYNONYM	Koenigia divaricata (L.) T.M.Schust. & Reveal	7291572	8720751	Plantae			2018-07-25	9ff7d317-609b-4c08-bd86-3bc404b77c42	
Erodium moschatum (L.) L'Hérit. var. moschatum	Erodium moschatum var. moschatum	SYNONYM	Erodium moschatum (Burm.f.) L'Hér.	7258888	9419993	Plantae			2018-07-25	9ff7d317-609b-4c08-bd86-3bc404b77c42	
Monsonia angustifolia E. Mey. ex A. Rich.	Monsonia angustifolia E.Mey. ex A.Rich.	SYNONYM	Monsonia angustifolia E.Mey.	7926816	3828021	Plantae	CONFLICTING_BASIONYM_COMBINATION	3828021	2018-07-25	9ff7d317-609b-4c08-bd86-3bc404b77c42	
Geranium x magnificum Hyl.	Geranium ×magnificum Hyl.	SYNONYM	Geranium ibericum x platypetalum	2889980	9742114	Plantae			2018-07-25	9ff7d317-609b-4c08-bd86-3bc404b77c42	
Geranium x cantabrigiense Yeo	Geranium ×cantabrigiense Yeo	SYNONYM	Geranium dalmaticum x macrorrhizum	2890995	9794106	Plantae			2018-07-25	9ff7d317-609b-4c08-bd86-3bc404b77c42	
Erodium cygnorum Nees subsp. glandulosum Carol.	Erodium cygnorum subsp. glandulosum Carolin	SYNONYM	Erodium carolinianum Aldasoro, C.Aedo, C.Navarro & L.Sáez	3827934	3828342	Plantae			2018-07-25	9ff7d317-609b-4c08-bd86-3bc404b77c42	
Malva preissiana Miq.	Malva preissiana Miq.	SYNONYM	Malva australiana M.F.Ray	3941038	3935002	Plantae			2018-07-25	9ff7d317-609b-4c08-bd86-3bc404b77c42	
Malva setigera F.K. Schimp. & Spenn.	Malva setigera K.F.Schimp. & Spenn.	SYNONYM	Althaea hirsuta L.	3940638	3152521	Plantae			2018-07-25	9ff7d317-609b-4c08-bd86-3bc404b77c42	
Abutilon x suntense C.D. Brickell	Abutilon ×suntense C.D.Brickell	SYNONYM	Corynabutilon ×suntense (C.D.Brickell) Fryxell	3935725	3937506	Plantae			2018-07-25	9ff7d317-609b-4c08-bd86-3bc404b77c42	
Malva pseudolavatera Webb & Berthelot	Malva pseudolavatera Webb & Berthel.	SYNONYM	Malva multiflora (Cav.) Soldano, Banfi & Galasso	3940998	3933415	Plantae			2018-07-25	9ff7d317-609b-4c08-bd86-3bc404b77c42	
Malva trimestris (L.) Salisb. var. brachypoda (Pérez Lara) Verloove & Lambinon	Malva trimestris var. brachypoda (Pérez Lara) Verloove & Lambinon	SYNONYM	Malva trimestris Salisb.	8300984	3940326	Plantae	ORIGINAL_NAME_DERIVED		2018-07-25	9ff7d317-609b-4c08-bd86-3bc404b77c42	
Sidalcea oregana (Nutt.) A. Gray	Sidalcea oregana (Nutt. ex Torr. & A.Gray) A.Gray	SYNONYM	Sidalcea malviflora subsp. malviflora	9733080	7226545	Plantae	ORIGINAL_NAME_DERIVED		2018-07-25	9ff7d317-609b-4c08-bd86-3bc404b77c42	
Oenothera depressa E. Greene	Oenothera depressa Greene	SYNONYM	Oenothera villosa subsp. villosa	6428493	6427623	Plantae	CONFLICTING_BASIONYM_COMBINATION		2018-07-25	9ff7d317-609b-4c08-bd86-3bc404b77c42	
Ludwigia hexapetala (Hook. & Arnott) Zardini, Gu & Raven	Ludwigia hexapetala (Hook. & Arn.) E.M.Zardini, H.Y.Gu & P.H.Raven	SYNONYM	Ludwigia grandiflora var. hexapetala (Hook. & Arn.) D.B.Ward	5421040	8309092	Plantae	ORIGINAL_NAME_DERIVED		2018-07-25	9ff7d317-609b-4c08-bd86-3bc404b77c42	
Oenothera rubricalyx R.R. Gates	Oenothera rubricalyx R.R.Gates	SYNONYM	Oenothera perangusta R.R.Gates	3665866	7322738	Plantae			2018-07-25	9ff7d317-609b-4c08-bd86-3bc404b77c42	
Oenothera cruciata Nutt. ex G. Don	Oenothera cruciata Nutt. ex G.Don	SYNONYM	Oenothera parviflora L.	7926755	8994150	Plantae			2018-07-25	9ff7d317-609b-4c08-bd86-3bc404b77c42	
Chamaenerion dodonaei (Vill.) Schur	Chamaenerion dodonaei (Vill.) Schur	SYNONYM	Epilobium dodonaei Vill.	7742704	3666323	Plantae	ORIGINAL_NAME_DERIVED,CONFLICTING_BASIONYM_COMBINATION	3666323	2018-07-25	9ff7d317-609b-4c08-bd86-3bc404b77c42	
Clarkia elegans Douglas	Clarkia elegans Dougl.	SYNONYM	Clarkia unguiculata Lindl.	5420958	5420957	Plantae			2018-07-25	9ff7d317-609b-4c08-bd86-3bc404b77c42	
Oenothera elata Humb., Bonpl. & Kunth	Oenothera elata Kunth	SYNONYM	Oenothera elata subsp. elata	3188829	7223881	Plantae	CONFLICTING_BASIONYM_COMBINATION		2018-07-25	9ff7d317-609b-4c08-bd86-3bc404b77c42	
Larix x marschlinsii Coaz	Larix ×marschlinsii Coaz	SYNONYM	Larix decidua x kaempferi	4938682	9762894	Plantae			2018-07-25	9ff7d317-609b-4c08-bd86-3bc404b77c42	
Galium parisiense L. var. leiocarpum Tausch	Galium parisiense var. leiocarpum Tausch	SYNONYM	Galium parisiense L.	2914818	2913169	Plantae			2018-07-25	9ff7d317-609b-4c08-bd86-3bc404b77c42	
Phuopsis stylosa (Trin.) Benth. & Hook. f. ex B.D. Jackson	Phuopsis stylosa (Trin.) Hook.f. ex B.D.Jacks.	SYNONYM	Phuopsis stylosa (Trin.) G.Nicholson	2903387	7671397	Plantae	ORIGINAL_NAME_DERIVED,CONFLICTING_BASIONYM_COMBINATION		2018-07-25	9ff7d317-609b-4c08-bd86-3bc404b77c42	
Cucumis myriocarpus Naudin	Cucumis myriocarpus Naud.	SYNONYM	Cucumis myriocarpus subsp. myriocarpus	2874575	3624993	Plantae			2018-07-25	9ff7d317-609b-4c08-bd86-3bc404b77c42	
Bartsia trixago L.	Bartsia trixago L.	SYNONYM	Bellardia trixago All.	3171813	5414976	Plantae			2018-07-25	9ff7d317-609b-4c08-bd86-3bc404b77c42	
Parentucellia viscosa (L.) Caruel	Parentucellia viscosa (L.) Caruel	SYNONYM	Bellardia viscosa Fisch. & C.A.Mey.	3171818	7733140	Plantae			2018-07-25	9ff7d317-609b-4c08-bd86-3bc404b77c42	
Salix babylonica L. var. pekinensis A. Henry	Salix babylonica var. pekinensis Henry	SYNONYM	Salix babylonica L.	9306497	5372639	Plantae			2018-07-25	9ff7d317-609b-4c08-bd86-3bc404b77c42	
Salix dasyclados Wimm.	Salix dasyclados Wimmer	SYNONYM	Salix holosericea Willd.	5583837	7895688	Plantae			2018-07-25	9ff7d317-609b-4c08-bd86-3bc404b77c42	
Populus trichocarpa Torr. & A. Gray ex Hook.	Populus trichocarpa Torr. & Gray ex Hooker	SYNONYM	Populus balsamifera subsp. trichocarpa (Torr. & A.Gray) Brayshaw	6362904	3806052	Plantae			2018-07-25	9ff7d317-609b-4c08-bd86-3bc404b77c42	
Populus x generosa A. Henry	Populus generosa A.Henry	SYNONYM	Populus jackii Sarg.	3040245	3040241	Plantae			2018-07-25	9ff7d317-609b-4c08-bd86-3bc404b77c42	
Scorpiurus muricatus L. subsp. sulcatus (L.) Thell.	Scorpiurus muricatus subsp. sulcatus (L.) Thell.	SYNONYM	Scorpiurus muricatus L.	5358307	5358302	Plantae			2018-07-25	9ff7d317-609b-4c08-bd86-3bc404b77c42	
Medicago monantha (C.A. Mey.) Trautv. subsp. incisa (Benth.) Verloove & Lambinon	Medicago monantha subsp. incisa (Benth.) Verloove & Lambinon	SYNONYM	Medicago monantha Trautv.	3966132	2965226	Plantae	CONFLICTING_BASIONYM_COMBINATION	2965226	2018-07-25	9ff7d317-609b-4c08-bd86-3bc404b77c42	
Medicago x varia Martyn	Medicago varia Martyn	SYNONYM	Medicago sativa subsp. varia (Martyn) Arcang.	2965331	8316569	Plantae			2018-07-25	9ff7d317-609b-4c08-bd86-3bc404b77c42	
Scorpiurus muricatus L. subsp. muricatus	Scorpiurus muricatus subsp. muricatus	SYNONYM	Scorpiurus muricatus L.	9388245	5358302	Plantae			2018-07-25	9ff7d317-609b-4c08-bd86-3bc404b77c42	
Cytisus sessilifolius L.	Cytisus sessilifolius L.	SYNONYM	Cytisophyllum sessilifolium O.Lang	5347864	2940408	Plantae			2018-07-25	9ff7d317-609b-4c08-bd86-3bc404b77c42	
Melilotus officinalis Lam.	Melilotus officinalis Lam.	SYNONYM	Melilotus officinalis Pall.	8193111	2971024	Plantae	CONFLICTING_BASIONYM_COMBINATION		2018-07-25	9ff7d317-609b-4c08-bd86-3bc404b77c42	
Biserrula pelecinus L.	Biserrula pelecinus L.	SYNONYM	Astragalus pelecinus subsp. pelecinus	2938473	7068263	Plantae			2018-07-25	9ff7d317-609b-4c08-bd86-3bc404b77c42	
Sesbania exaltata (Rafin.) Rydberg ex A.W. Hill	Sesbania exaltata (Raf.) Rydb. ex A.W.Hill	SYNONYM	Sesbania herbacea (Mill.) McVaugh	7394001	2970585	Plantae	ORIGINAL_NAME_DERIVED		2018-07-25	9ff7d317-609b-4c08-bd86-3bc404b77c42	
Desmanthus illinoensis (Michaux) Mc. Millan ex Robinson & Fernald	Desmanthus illinoensis (Michx.) Robinson & Fernald	SYNONYM	Desmanthus illinoensis MacMill.	7484581	5360112	Plantae	ORIGINAL_NAME_DERIVED		2018-07-25	9ff7d317-609b-4c08-bd86-3bc404b77c42	
Sulla coronaria (L.) Med.	Sulla coronaria (L.) Medik., 1789	SYNONYM	Hedysarum coronarium L.	8081232	2960919	Plantae	ORIGINAL_NAME_DERIVED		2018-07-25	9ff7d317-609b-4c08-bd86-3bc404b77c42	
Scorpiurus muricatus L. subsp. subvillosus (L.) Thell.	Scorpiurus muricatus subsp. subvillosus (L.) Thell.	SYNONYM	Scorpiurus muricatus L.	8082844	5358302	Plantae	ORIGINAL_NAME_DERIVED		2018-07-25	9ff7d317-609b-4c08-bd86-3bc404b77c42	
Medicago monantha (C.A. Mey.) Trautv. subsp. noeana (Boiss.) Greuter & Burdet	Medicago monantha subsp. noeana (Boiss.) Greuter & Burdet	SYNONYM	Medicago monantha Trautv.	3966127	2965226	Plantae	CONFLICTING_BASIONYM_COMBINATION	2965226	2018-07-25	9ff7d317-609b-4c08-bd86-3bc404b77c42	
Lathyrus cicera L.	Lathyrus cicera L.	SYNONYM	Astragalus cicer L.	5356481	5343253	Plantae	CONFLICTING_BASIONYM_COMBINATION	5356481	2018-07-25	9ff7d317-609b-4c08-bd86-3bc404b77c42	I think the backbone is wrong for this name
Vicia dalmatica A. Kerner	Vicia dalmatica A.Kern.	SYNONYM	Vicia tenuifolia subsp. dalmatica (A.Kern.) Greuter	3973636	3971572	Plantae			2018-07-25	9ff7d317-609b-4c08-bd86-3bc404b77c42	
Verbascum x angulosum Teyber	Verbascum ×angulosum Teyber	SYNONYM	Verbascum nigrum x speciosum	9629891	9783082	Plantae			2018-07-25	9ff7d317-609b-4c08-bd86-3bc404b77c42	
Chaenostoma cordatum (Thunb.) Benth.	Chaenostoma cordatum Benth.	SYNONYM	Sutera cordata Kuntze	5561475	3728734	Plantae			2018-07-25	9ff7d317-609b-4c08-bd86-3bc404b77c42	
Alonsoa intermedia Lodd.	Alonsoa intermedia Lodd.	SYNONYM	Alonsoa linearis Ruiz & Pav.	3724078	7331548	Plantae			2018-07-25	9ff7d317-609b-4c08-bd86-3bc404b77c42	
Aconitum x stoerkianum Reichenb.	Aconitum stoerkianum Rchb.	SYNONYM	Aconitum nasutum subsp. paniculatum (Arcangeli) Greuter & Burdet	3920712	9159238	Plantae			2018-07-25	9ff7d317-609b-4c08-bd86-3bc404b77c42	
Anemone hepatica L.	Anemone hepatica L.	SYNONYM	Hepatica nobilis Schreb.	6375391	5371699	Plantae			2018-07-25	9ff7d317-609b-4c08-bd86-3bc404b77c42	
Delphinium orientale J. Gay	Delphinium orientale Gay	SYNONYM	Consolida orientalis (J.Gay) R.Schrödinger	3033829	3033828	Plantae			2018-07-25	9ff7d317-609b-4c08-bd86-3bc404b77c42	
Aconitum napellus  L. subsp. napellus var. giganteum (Dum. ex Thielens) J. Duvigneaud	Aconitum napellus var. giganteum (Dumort. ex Thielens) J.Duvigneaud	SYNONYM	Aconitum napellus subsp. lusitanicum Rouy	3922770	7707872	Plantae	ORIGINAL_NAME_DERIVED		2018-07-25	9ff7d317-609b-4c08-bd86-3bc404b77c42	
Delphinium ajacis L.	Delphinium ajacis L.	SYNONYM	Consolida ajacis (L.) Schur	3033833	3033830	Plantae			2018-07-25	9ff7d317-609b-4c08-bd86-3bc404b77c42	
Calandrinia elegans Spach	Calandrinia elegans Spach	SYNONYM	Calandrinia ciliata DC.	7389949	3084693	Plantae			2018-07-25	9ff7d317-609b-4c08-bd86-3bc404b77c42	
Crocus x stellaris Haw.	Crocus stellaris Haw.	SYNONYM	Crocus luteus Lam.	3586380	2747750	Plantae			2018-07-25	9ff7d317-609b-4c08-bd86-3bc404b77c42	
Physalis angulata L. var. angulata	Physalis angulata var. angulata	SYNONYM	Physalis angulata L.	7300041	5341792	Plantae			2018-07-25	9ff7d317-609b-4c08-bd86-3bc404b77c42	
Solanum rostratum Dun.	Solanum rostratum Dun.	SYNONYM	Solanum angustifolium Mill.	2930922	2929800	Plantae			2018-07-25	9ff7d317-609b-4c08-bd86-3bc404b77c42	
Nicotiana x sanderae Sander ex Will. Watson	Nicotiana ×sanderae W.Watson	SYNONYM	Nicotiana alata x forgetiana	3799170	9652942	Plantae			2018-07-25	9ff7d317-609b-4c08-bd86-3bc404b77c42	
Solanum chenopodioides Lam.	Solanum chenopodioides Lam.	SYNONYM	Solanum nigrum L.	2929710	9150405	Plantae	CONFLICTING_BASIONYM_COMBINATION	2929710	2018-07-25	9ff7d317-609b-4c08-bd86-3bc404b77c42	I think the backbone is wrong for this name
Petunia parviflora Juss.	Petunia parviflora Juss.	SYNONYM	Calibrachoa parviflora (Jussieu) D'Arcy	2928906	2928905	Plantae			2018-07-25	9ff7d317-609b-4c08-bd86-3bc404b77c42	
Physalis alkekengi L. var. franchetii (Masters) Makino	Physalis alkekengi var. franchetii (Masters) Makino	SYNONYM	Alkekengi officinarum var. franchetii (Masters)	5829065	9537212	Plantae	ORIGINAL_NAME_DERIVED		2018-07-25	9ff7d317-609b-4c08-bd86-3bc404b77c42	
Solanum nodiflorum Jacq. ?	Solanum nodiflorum Jacq.	SYNONYM	Solanum americanum subsp. americanum	2930248	9594551	Plantae			2018-07-25	9ff7d317-609b-4c08-bd86-3bc404b77c42	
Solanum triflorum Nutt. var. ponticum (Prodan) Borza	Solanum triflorum var. ponticum (Prodán) Borza	SYNONYM	Solanum triflorum Nutt.	2931238	2931237	Plantae			2018-07-25	9ff7d317-609b-4c08-bd86-3bc404b77c42	
Solanum nigrum L. subsp. schultesii (Opiz) Wessely	Solanum nigrum subsp. schultesii (Opiz) Wessely	SYNONYM	Solanum decipiens Opiz	2932877	2932872	Plantae	ORIGINAL_NAME_DERIVED		2018-07-25	9ff7d317-609b-4c08-bd86-3bc404b77c42	
Physalis minima L.	Physalis minima L.	SYNONYM	Physalis lagascae Roem. & Schult.	5341772	5341775	Plantae			2018-07-25	9ff7d317-609b-4c08-bd86-3bc404b77c42	
Physalis angulata L. var. pendula (Rydberg) Waterfall	Physalis angulata var. pendula (Rydb.) Waterf.	SYNONYM	Physalis angulata L.	5341795	5341792	Plantae	ORIGINAL_NAME_DERIVED		2018-07-25	9ff7d317-609b-4c08-bd86-3bc404b77c42	
Juncus tenuis Willd. subsp. dichotomus (Elliott) Verloove & Lambinon	Juncus tenuis subsp. dichotomus (Elliott) Verloove & Lambinon	SYNONYM	Juncus dichotomus Elliott	8143288	2701120	Plantae	ORIGINAL_NAME_DERIVED		2018-07-25	9ff7d317-609b-4c08-bd86-3bc404b77c42	
Juncus tenuis Willd. subsp. anthelatus (Wiegand) Verloove & Lambinon	Juncus tenuis subsp. anthelatus (Wiegand) Verloove & Lambinon	SYNONYM	Juncus anthelatus (Wiegand) R.E.Brooks	7841979	2702058	Plantae	ORIGINAL_NAME_DERIVED		2018-07-25	9ff7d317-609b-4c08-bd86-3bc404b77c42	
Juncus tenuis Willd. subsp. dudleyi (Wiegand) P. Fourn.	Juncus tenuis subsp. dudleyi (Wiegand) P.Fourn.	SYNONYM	Juncus dudleyi Wiegand	2701833	2701831	Plantae	ORIGINAL_NAME_DERIVED		2018-07-25	9ff7d317-609b-4c08-bd86-3bc404b77c42	
Honorius nutans (L.) Gray	Honorius nutans (L.) Gray	SYNONYM	Ornithogalum nutans L.	2773290	2773281	Plantae	ORIGINAL_NAME_DERIVED	2773281	2018-07-25	9ff7d317-609b-4c08-bd86-3bc404b77c42	
Loncomelos brevistylus (Wolfner ) Dostál	Loncomelos brevistylum (Wolfner) Dostál	SYNONYM	Ornithogalum pyramidale L.	2772890	2772885	Plantae		2772885	2018-07-25	9ff7d317-609b-4c08-bd86-3bc404b77c42	
Chionodoxa luciliae Boiss.	Chionodoxa luciliae Boiss.	SYNONYM	Scilla luciliae (Boiss.) Speta	2767272	2767271	Plantae		2767271	2018-07-25	9ff7d317-609b-4c08-bd86-3bc404b77c42	
Loncomelos narbonense (L.) Raf.	Loncomelos narbonense (L.) Raf.	SYNONYM	Ornithogalum narbonense L.	2772978	2772958	Plantae	ORIGINAL_NAME_DERIVED	2772958	2018-07-25	9ff7d317-609b-4c08-bd86-3bc404b77c42	
Scilla siberica Haw.	Scilla siberica Haw.	SYNONYM	Scilla siberica Andrews	2767328	8080743	Plantae	CONFLICTING_BASIONYM_COMBINATION	8080743	2018-07-25	9ff7d317-609b-4c08-bd86-3bc404b77c42	
Chionodoxa sardensis Whittall ex Barr & Sugd.	Chionodoxa sardensis Whittall ex Barr & Sayden	SYNONYM	Scilla sardensis (Barr & Sugden) Speta	2767230	2767229	Plantae		2767229	2018-07-25	9ff7d317-609b-4c08-bd86-3bc404b77c42	
Euphorbia serpens Kunth subsp. fissistipula (Thell.) Verloove & Lambinon	Euphorbia serpens subsp. fissistipula (Thell.) Verloove & Lambinon	SYNONYM	Euphorbia serpens Kunth	8273282	3064221	Plantae	ORIGINAL_NAME_DERIVED		2018-07-25	9ff7d317-609b-4c08-bd86-3bc404b77c42	
Euphorbia brittingeri Opiz ex Samp.	Euphorbia brittingeri Opiz ex Samp.	SYNONYM	Euphorbia verrucosa L.	3069065	3069053	Plantae			2018-07-25	9ff7d317-609b-4c08-bd86-3bc404b77c42	
Euphorbia glomerifera (Millsp.) L.C. Wheeler	Euphorbia glomerifera (Millsp.) L.C.Wheeler	SYNONYM	Euphorbia hypericifolia L.	3066330	3066321	Plantae			2018-07-25	9ff7d317-609b-4c08-bd86-3bc404b77c42	
Scabiosa atropurpurea L.	Scabiosa atropurpurea L.	SYNONYM	Sixalix atropurpurea subsp. atropurpurea	2888805	7301011	Plantae			2018-07-25	9ff7d317-609b-4c08-bd86-3bc404b77c42	
Symphoricarpos x doorenbosii Krüssm.	Symphoricarpos ×doorenbosii Krüssm.	SYNONYM	Symphoricarpos albus var. laevigatus x microphyllus x orbiculatus	8212772	9761414	Plantae			2018-07-25	9ff7d317-609b-4c08-bd86-3bc404b77c42	
Dipsacus strigosus Willd. ex Roem. & Schult.	Dipsacus strigosus Willd. ex Roem. & Schult.	SYNONYM	Dipsacus strigosus Willd.	4104284	7443846	Plantae	CONFLICTING_BASIONYM_COMBINATION	7443846	2018-07-25	9ff7d317-609b-4c08-bd86-3bc404b77c42	
Cephalaria syriaca (L.) Roem. & Schult.	Cephalaria syriaca (L.) Roem. & Schult.	SYNONYM	Cephalaria syriaca Schrad.	2888796	8355821	Plantae	ORIGINAL_NAME_DERIVED,CONFLICTING_BASIONYM_COMBINATION		2018-07-25	9ff7d317-609b-4c08-bd86-3bc404b77c42	
Cephalaria alpina (L.) Roem. & Schult.	Cephalaria alpina (L.) Roem. & Schult.	SYNONYM	Cephalaria alpina Schrad.	2888799	8259811	Plantae	ORIGINAL_NAME_DERIVED,CONFLICTING_BASIONYM_COMBINATION		2018-07-25	9ff7d317-609b-4c08-bd86-3bc404b77c42	
Lonicera chrysantha Turcz. ex Ledeb.	Lonicera chrysantha Turcz. ex Ledeb.	SYNONYM	Lonicera chrysantha Turcz.	5334246	8242349	Plantae	CONFLICTING_BASIONYM_COMBINATION	8242349	2018-07-25	9ff7d317-609b-4c08-bd86-3bc404b77c42	
Weigela floribunda (Siebold & Zucc.) K. Koch	Weigela floribunda (Siebold & Zucc.) K.Koch	SYNONYM	Weigela floribunda C.A.Mey.	2888732	8011733	Plantae	ORIGINAL_NAME_DERIVED,CONFLICTING_BASIONYM_COMBINATION		2018-07-25	9ff7d317-609b-4c08-bd86-3bc404b77c42	
Lonicera nitida Wils.	Lonicera nitida E.H.Wilson	SYNONYM	Lonicera pileata var. yunnanensis (Franch.) Bernd Schulz	5599249	7764700	Plantae			2018-07-25	9ff7d317-609b-4c08-bd86-3bc404b77c42	
Meconopsis cambrica (L.) Vig.	Meconopsis cambrica (L.) Vig.	SYNONYM	Papaver cambricum L.	3601091	3602683	Plantae	ORIGINAL_NAME_DERIVED		2018-07-25	9ff7d317-609b-4c08-bd86-3bc404b77c42	
Lamprocapnos spectabilis (L.) Fukuhara	Lamprocapnos spectabilis (L.) T.Fukuhara	SYNONYM	Fumaria barnolae subsp. barnolae	2888564	7314977	Plantae	CONFLICTING_BASIONYM_COMBINATION		2018-07-25	9ff7d317-609b-4c08-bd86-3bc404b77c42	
Papaver somniferum L. subsp. setigerum (DC.) Arcang.	Papaver somniferum subsp. setigerum (DC.) Arcangeli	SYNONYM	Papaver setigerum DC.	8242032	3602227	Plantae	ORIGINAL_NAME_DERIVED		2018-07-25	9ff7d317-609b-4c08-bd86-3bc404b77c42	
Carex agastachys L.f.	Carex agastachys L.f.	SYNONYM	Carex pendula Huds.	2725229	2722051	Plantae			2018-07-25	9ff7d317-609b-4c08-bd86-3bc404b77c42	
Cyperus esculentus L. var. leptostachyus Boeckeler	Cyperus esculentus var. leptostachyus Boeckeler	SYNONYM	Cyperus esculentus L.	8087010	2716226	Plantae		2716226	2018-07-25	9ff7d317-609b-4c08-bd86-3bc404b77c42	
Cyperus longus L. subsp. tenuiflorus (Rottb.) Kük.	Cyperus longus subsp. tenuiflorus (Rottb.) Kük.	SYNONYM	Cyperus longus subsp. longus	2716588	7070211	Plantae			2018-07-25	9ff7d317-609b-4c08-bd86-3bc404b77c42	
Cyperus involucratus Rottb.	Cyperus involucratus Rottb.	SYNONYM	Cyperus alternifolius subsp. flabelliformis Kük.	2714166	2714158	Plantae			2018-07-25	9ff7d317-609b-4c08-bd86-3bc404b77c42	
Eleocharis austriaca Hayek	Eleocharis austriaca Hayek	SYNONYM	Eleocharis mamillata subsp. austriaca (Hayek) Strandh.	2717405	2717402	Plantae			2018-07-25	9ff7d317-609b-4c08-bd86-3bc404b77c42	
Carex praecox Schreb. subsp. intermedia (Čelak.) W. Schultze-Motel	Carex praecox subsp. intermedia (Celak.) W.Schultze-Motel	SYNONYM	Carex praecox Schreb.	2728287	2724120	Plantae			2018-07-25	9ff7d317-609b-4c08-bd86-3bc404b77c42	
Scirpus atrovirens Willd. subsp. georgianus (R.M. Harper) Verloove & Lambinon	Scirpus atrovirens subsp. georgianus (R.M.Harper) Verloove & Lambinon	SYNONYM	Scirpus georgianus R.M.Harper	8390304	2720269	Plantae	ORIGINAL_NAME_DERIVED		2018-07-25	9ff7d317-609b-4c08-bd86-3bc404b77c42	
Hypericum x moserianum André	Hypericum moserianum André	SYNONYM	Hypericum moseranum Andre	3189474	3189468	Plantae	CONFLICTING_BASIONYM_COMBINATION		2018-07-25	9ff7d317-609b-4c08-bd86-3bc404b77c42	
Stellaria media (L.) Cirillo subsp. cupaniana (Jord. & Fourr.) Nyman	Stellaria media subsp. cupaniana (Jord. & Fourr.) Nym.	SYNONYM	Stellaria cupaniana (Jordan & Fourr.) Beguinot	7625143	7938233	Plantae	ORIGINAL_NAME_DERIVED		2018-07-25	9ff7d317-609b-4c08-bd86-3bc404b77c42	
Cerastium x maureri M. Schulze	Cerastium ×maureri Schulze	SYNONYM	Cerastium arvense subsp. arvense x tomentosum	7925372	9660664	Plantae			2018-07-25	9ff7d317-609b-4c08-bd86-3bc404b77c42	
Silene scabriflora Brot.	Silene scabriflora Brot.	SYNONYM	Silene pendula L.	8419625	5384773	Plantae			2018-07-25	9ff7d317-609b-4c08-bd86-3bc404b77c42	
Sagina subulata (Swartz) C. Presl	Sagina subulata (Sw.) C.Presl	SYNONYM	Sagina alexandrae Iamonico	3085400	9440906	Plantae	ORIGINAL_NAME_DERIVED		2018-07-25	9ff7d317-609b-4c08-bd86-3bc404b77c42	
Agrostemma gracile Boiss.	Agrostemma gracile Boiss.	SYNONYM	Agrostemma brachyloba (Fenzl) K.Hammer	7534154	3085366	Plantae			2018-07-25	9ff7d317-609b-4c08-bd86-3bc404b77c42	
Allium porrum L.	Allium porrum L.	SYNONYM	Allium ampeloprasum L.	7668251	2856037	Plantae			2018-07-25	9ff7d317-609b-4c08-bd86-3bc404b77c42	
Galanthus x warei J. Allen	Galanthus warei J.Allen	SYNONYM	Galanthus nivalis L.	7556596	2855356	Plantae		2855356	2018-07-25	9ff7d317-609b-4c08-bd86-3bc404b77c42	
Narcissus obvallaris Salisb.	Narcissus obvallaris Salisb.	SYNONYM	Narcissus pseudonarcissus subsp. major (Curtis) Baker	2858374	2858363	Plantae			2018-07-25	9ff7d317-609b-4c08-bd86-3bc404b77c42	
Galanthus nivalis L. var. scharlockii Caspary	Galanthus nivalis var. scharlockii Casp.	SYNONYM	Galanthus nivalis L.	2855358	2855356	Plantae		2855356	2018-07-25	9ff7d317-609b-4c08-bd86-3bc404b77c42	
Tristagma uniflorum (Lindl.) Traub	Tristagma uniflorum (Lindl.) Traub	SYNONYM	Ipheion uniflorum Raf.	2859569	2859597	Plantae	ORIGINAL_NAME_DERIVED		2018-07-25	9ff7d317-609b-4c08-bd86-3bc404b77c42	
Humulus japonicus Sieb. et Zucc.	Humulus japonicus Sieb. & Zucc.	SYNONYM	Humulopsis scandens (Lour.) Grudz.	2984536	3874408	Plantae			2018-07-25	9ff7d317-609b-4c08-bd86-3bc404b77c42	
Bromus japonicus Thunb. subsp. subsquarrosus (Borbás) Pénzes	Bromus japonicus subsp. subsquarrosus (Borbás) Pénzes	SYNONYM	Bromus japonicus subsp. japonicus	5943991	7226794	Plantae			2018-07-25	9ff7d317-609b-4c08-bd86-3bc404b77c42	
Bromus japonicus Thunb. subsp. phrygius (Boiss.) Pénzes	Bromus japonicus subsp. phrygius (Boiss.) Pénzes	SYNONYM	Bromus japonicus subsp. japonicus	8404210	7226794	Plantae	ORIGINAL_NAME_DERIVED		2018-07-25	9ff7d317-609b-4c08-bd86-3bc404b77c42	
Begonia x semperflorens hort.									2018-07-25	9ff7d317-609b-4c08-bd86-3bc404b77c42	
Ephedra saxatalis (Stapf) Royle subsp. sikkimensis (Stapf) Florin									2018-07-25	9ff7d317-609b-4c08-bd86-3bc404b77c42	
Spiranthes cernua (L.) Richard x S. odorata  (Nuttall) Lindley									2018-07-25	9ff7d317-609b-4c08-bd86-3bc404b77c42	
Pterocarya x rhederiana C.K. Schneider									2018-07-25	9ff7d317-609b-4c08-bd86-3bc404b77c42	
Berberis bealei Fortune (incl. hybrids)									2018-07-25	9ff7d317-609b-4c08-bd86-3bc404b77c42	
Berberis x wagneri (Jouin) Rehder									2018-07-25	9ff7d317-609b-4c08-bd86-3bc404b77c42	
Ipomoea lacunosa L. f. lacunosa									2018-07-25	9ff7d317-609b-4c08-bd86-3bc404b77c42	
Lysichiton americanus Hultén & St John x L. camtschatcensis (L.) Schott									2018-07-25	9ff7d317-609b-4c08-bd86-3bc404b77c42	
"Sedum ""Autumn Joy"" (S. spectabile Boreau x telephium L.)"									2018-07-25	9ff7d317-609b-4c08-bd86-3bc404b77c42	
Symphyotrichum laeve (L.) A. & D. Love (incl. S. versicolor (Willd.) Nesom)									2018-07-25	9ff7d317-609b-4c08-bd86-3bc404b77c42	
Pulicaria arabica (L.) Cass. subsp. arabica									2018-07-25	9ff7d317-609b-4c08-bd86-3bc404b77c42	
Symphyotrichum lanceolatum (Willd.) Nesom (incl. S. tradescantii (L.) Nesom)									2018-07-25	9ff7d317-609b-4c08-bd86-3bc404b77c42	
Rosa chinensis group									2018-07-25	9ff7d317-609b-4c08-bd86-3bc404b77c42	
Rosa 'Hollandica'									2018-07-25	9ff7d317-609b-4c08-bd86-3bc404b77c42	
Rosa 'Dorothy Perkins'									2018-07-25	9ff7d317-609b-4c08-bd86-3bc404b77c42	
Cotoneaster coriaceus Franch. (incl. C. lacteus W.W. Smith)									2018-07-25	9ff7d317-609b-4c08-bd86-3bc404b77c42	
Prunus domestica L. subsp. instititia (L.) Bonnier & Layens									2018-07-25	9ff7d317-609b-4c08-bd86-3bc404b77c42	
Linaria bipartita (Vent.) Desf.									2018-07-25	9ff7d317-609b-4c08-bd86-3bc404b77c42	
Veronica teucrium L. subsp. teucrium									2018-07-25	9ff7d317-609b-4c08-bd86-3bc404b77c42	
Veronica austriaca Jacq.									2018-07-25	9ff7d317-609b-4c08-bd86-3bc404b77c42	
Vulpia ciliata Dum. subsp. ciliata									2018-07-25	9ff7d317-609b-4c08-bd86-3bc404b77c42	
Eragrostis virescens J. Presl subsp. virescens									2018-07-25	9ff7d317-609b-4c08-bd86-3bc404b77c42	
Digitaria ciliaris (Retz.) Koeler subsp. ciliaris									2018-07-25	9ff7d317-609b-4c08-bd86-3bc404b77c42	
x Festulolium braunii (K. Richt.) A. Camus (Festuca pratensis Huds. x Lolium perenne L.)									2018-07-25	9ff7d317-609b-4c08-bd86-3bc404b77c42	
Austrodanthonia racemosa (R. Brown) H.P. Linder var. racemosa									2018-07-25	9ff7d317-609b-4c08-bd86-3bc404b77c42	
Avena sativa L. x sterilis L.									2018-07-25	9ff7d317-609b-4c08-bd86-3bc404b77c42	
Secale xderzhavinii Tzvelev									2018-07-25	9ff7d317-609b-4c08-bd86-3bc404b77c42	
Eragrostis brownii (Kunth) Nees ex Wight									2018-07-25	9ff7d317-609b-4c08-bd86-3bc404b77c42	
Trisetaria panicea (Lam.) Maire									2018-07-25	9ff7d317-609b-4c08-bd86-3bc404b77c42	
Digitaria sanguinalis (L.) Scop. subsp. sanguinalis									2018-07-25	9ff7d317-609b-4c08-bd86-3bc404b77c42	
Dinebra decipiens (R. Brown) P.M. Peterson & N. Snow subsp. decipiens									2018-07-25	9ff7d317-609b-4c08-bd86-3bc404b77c42	
Glyceria striata (Lam.) Hitchc. subsp. diffomis Portal									2018-07-25	9ff7d317-609b-4c08-bd86-3bc404b77c42	
Bromus carinatus Hook. & Arnott var. carinatus									2018-07-25	9ff7d317-609b-4c08-bd86-3bc404b77c42	
Iberis amara L. var. coronaria (D. Don) Voss									2018-07-25	9ff7d317-609b-4c08-bd86-3bc404b77c42	
Strigosella africana (L.) Botsch. var. africana									2018-07-25	9ff7d317-609b-4c08-bd86-3bc404b77c42	
Neslia paniculata (L.) Desv. subsp. thracia (Velen.) Bornm.									2018-07-25	9ff7d317-609b-4c08-bd86-3bc404b77c42	
Smyrnium olusastrum L.									2018-07-25	9ff7d317-609b-4c08-bd86-3bc404b77c42	
Chenopodium x pelgrimsianum Aell.									2018-07-25	9ff7d317-609b-4c08-bd86-3bc404b77c42	
Atriplex pseudocampanulata Aell.									2018-07-25	9ff7d317-609b-4c08-bd86-3bc404b77c42	
Atriplex eardleyae Aell.									2018-07-25	9ff7d317-609b-4c08-bd86-3bc404b77c42	
Chenopodium album L. x hircinum									2018-07-25	9ff7d317-609b-4c08-bd86-3bc404b77c42	
Chenopodium bushianum Aell.									2018-07-25	9ff7d317-609b-4c08-bd86-3bc404b77c42	
Chenopodium missouriense Aell.									2018-07-25	9ff7d317-609b-4c08-bd86-3bc404b77c42	
Mentha x piperita L. nsubsp. piperita (M. aquatica L. x spicata subsp. glabrata)									2018-07-25	9ff7d317-609b-4c08-bd86-3bc404b77c42	
Aesculus pavia L. (incl. var. discolor (Pursh) Torr. & A. Gray)									2018-07-25	9ff7d317-609b-4c08-bd86-3bc404b77c42	
Cheilanthes viridis (Forssk.) Prantl var. macrophylla (Kunze) Sim									2018-07-25	9ff7d317-609b-4c08-bd86-3bc404b77c42	
Persicaria pensylvanica (L.) Gómez de la Maza									2018-07-25	9ff7d317-609b-4c08-bd86-3bc404b77c42	
Erodium cygnorum Nees subsp. cygnorum									2018-07-25	9ff7d317-609b-4c08-bd86-3bc404b77c42	
Alcea ficifolia L. (Alcea rosea x rugosa)									2018-07-25	9ff7d317-609b-4c08-bd86-3bc404b77c42	
Malva alcea L. var. ribifolia (Viv.) Paol.									2018-07-25	9ff7d317-609b-4c08-bd86-3bc404b77c42	
Malva trimestris (L.) Salisb. var. trimestris									2018-07-25	9ff7d317-609b-4c08-bd86-3bc404b77c42	
Oenothera affinis Cambess. ex A. St. Hil.									2018-07-25	9ff7d317-609b-4c08-bd86-3bc404b77c42	
Oenothera glazioviana Micheli var. azorica (Rostański) Verloove									2018-07-25	9ff7d317-609b-4c08-bd86-3bc404b77c42	
Salix purpurea L. var. purpurea									2018-07-25	9ff7d317-609b-4c08-bd86-3bc404b77c42	
Salix elaeagnos Scop. subsp. angustifolia (Cariot) Rech. f.									2018-07-25	9ff7d317-609b-4c08-bd86-3bc404b77c42	
Salix x sepulcralis Simonk. nvar. chrysocoma (Dode) Meikle									2018-07-25	9ff7d317-609b-4c08-bd86-3bc404b77c42	
Lotus corniculatus L.var. sativus Hyl. ex Jalas									2018-07-25	9ff7d317-609b-4c08-bd86-3bc404b77c42	
Vicia narbonensis L. subsp. narbonensis									2018-07-25	9ff7d317-609b-4c08-bd86-3bc404b77c42	
Nemesia Hybrids									2018-07-25	9ff7d317-609b-4c08-bd86-3bc404b77c42	
Iris x hollandica Hort.									2018-07-25	9ff7d317-609b-4c08-bd86-3bc404b77c42	
Solanum aethiopicum L. var. aculeatum Dunal									2018-07-25	9ff7d317-609b-4c08-bd86-3bc404b77c42	
Physalis longifolia Nutt. subsp. subglabrata (Mack. & Bush) Cronquist									2018-07-25	9ff7d317-609b-4c08-bd86-3bc404b77c42	
Juncus tenuis Willd. subsp. tenuis									2018-07-25	9ff7d317-609b-4c08-bd86-3bc404b77c42	
Chlorophytum comosum group									2018-07-25	9ff7d317-609b-4c08-bd86-3bc404b77c42	
Galanthus nivalis L. var. nivalis									2018-07-25	9ff7d317-609b-4c08-bd86-3bc404b77c42	
Allium paradoxum (Bieb.) G. Don var. paradoxum									2018-07-25	9ff7d317-609b-4c08-bd86-3bc404b77c42	
Erythranthe guttata (DC.) G.L. Nesom (incl. hybrids)									2018-07-25	9ff7d317-609b-4c08-bd86-3bc404b77c42	
Erythranthe lutea (L.) G.L.Nesom (incl. hybrids)									2018-07-25	9ff7d317-609b-4c08-bd86-3bc404b77c42	
Erythranthe cuprea (Dombrain) G.L. Nesom (incl. hybrids)									2018-07-25	9ff7d317-609b-4c08-bd86-3bc404b77c42	
Campsis radicans (L.) Seem. (incl. C. x tagliabuana (Vis.) Rehd.)									2018-07-25	9ff7d317-609b-4c08-bd86-3bc404b77c42	
Bromus japonicus Thunb. subsp. japonicus									2018-07-25	9ff7d317-609b-4c08-bd86-3bc404b77c42	
Megabalanus tintinnabulum	Megabalanus tintinnabulum (Linnaeus, 1758)	HOMOTYPIC_SYNONYM	Balanus tintinnabulum (Linnaeus, 1758)	5166487	2115692	Animalia	CONFLICTING_BASIONYM_COMBINATION		2018-08-01	289244ee-e1c1-49aa-b2d7-d379391ce265	
Atyaephyra desmaresti	Atyaephyra desmarestii (Millet, 1831)	HOMOTYPIC_SYNONYM	Hippolyte desmarestii Millet, 1831	4309705	6454754	Animalia	CONFLICTING_BASIONYM_COMBINATION		2018-08-01	289244ee-e1c1-49aa-b2d7-d379391ce265	
Lindernia procumbens (Krocker) Borbás	Lindernia procumbens (Krock.) Borbás	HETEROTYPIC_SYNONYM	Lindernia procumbens (Krock.) Philcox	8602699	3171882	Plantae	ORIGINAL_NAME_DERIVED		2018-08-01	9ff7d317-609b-4c08-bd86-3bc404b77c42	
Elaeagnus umbellata Thunb.	Elaeagnus umbellata Thunb.	HETEROTYPIC_SYNONYM	Elaeagnus umbellata C.P.Thunb. ex A.Murray	3039267	7752288	Plantae			2018-08-01	9ff7d317-609b-4c08-bd86-3bc404b77c42	
Elaeagnus pungens Thunb.	Elaeagnus pungens Thunb.	HETEROTYPIC_SYNONYM	Elaeagnus pungens C.P.Thunb. ex A.Murray	3039270	8214730	Plantae			2018-08-01	9ff7d317-609b-4c08-bd86-3bc404b77c42	
Saxifraga stolonifera Meerb.	Saxifraga stolonifera Meerb.	HETEROTYPIC_SYNONYM	Saxifraga stolonifera W.Curtis	8062061	3032762	Plantae			2018-08-01	9ff7d317-609b-4c08-bd86-3bc404b77c42	
Sedum aizoon L.	Sedum aizoon L.	HETEROTYPIC_SYNONYM	Phedimus aizoon (L.) 't Hart	5361976	7172831	Plantae			2018-08-01	9ff7d317-609b-4c08-bd86-3bc404b77c42	
Hieracium amplexicaule L. subsp. speluncarum (Arv.-Touv.) Zahn	Hieracium amplexicaule subsp. speluncarum (Arv.-Touv.) Zahn	HOMOTYPIC_SYNONYM	Hieracium amplexicaule subsp. spelaeum (Arv.-Touv.) Zahn	6078423	6295486	Plantae	ORIGINAL_NAME_DERIVED		2018-08-01	9ff7d317-609b-4c08-bd86-3bc404b77c42	
Pilosella bauhini (Schult. ex Besser) Arv.-Touv.	Pilosella bauhinii (Bess.) Arv.-Touv.	HOMOTYPIC_SYNONYM	Pilosella piloselloides subsp. bauhinii (Schult.) S.Bräut. & Greuter	6300805	4230975	Plantae			2018-08-01	9ff7d317-609b-4c08-bd86-3bc404b77c42	
Hieracium glaucinum Jord. subsp. recensitum (Jord. ex Boreau) Gottschlich	Hieracium glaucinum subsp. recensitum (Jord. ex Bor.) G.Gottschlich	HETEROTYPIC_SYNONYM	Hieracium recensitum Jord.	4219118	7922036	Plantae			2018-08-01	9ff7d317-609b-4c08-bd86-3bc404b77c42	
Pilosella x florentoides (Arv.-Touv.) P.D. Sell & C. West	Pilosella florentoides (Arv.-Touv.) Sell & C.West	HETEROTYPIC_SYNONYM	Pilosella visianii F.W.Schultz & Sch.Bip.	3123658	9541940	Plantae	ORIGINAL_NAME_DERIVED		2018-08-01	9ff7d317-609b-4c08-bd86-3bc404b77c42	
Pilosella flagellaris (Willd. ex Schlecht.) P.D. Sell & C. West	Pilosella flagellaris (Wind.) P.D.Sell & C.West	HETEROTYPIC_SYNONYM	Pilosella flagellaris (Willd.) Arv.-Touv.	7764066	3123262	Plantae			2018-08-01	9ff7d317-609b-4c08-bd86-3bc404b77c42	
Doronicum x willdenowii (Rouy) A.W. Hill	Doronicum willdenowii (Rouy) A.W.Hill	HETEROTYPIC_SYNONYM	Doronicum plantagineum subsp. plantagineum	4230874	7223513	Plantae			2018-08-01	9ff7d317-609b-4c08-bd86-3bc404b77c42	
Verbesina alternifolia (L.) Britton	Verbesina alternifolia (L.) Britton	HOMOTYPIC_SYNONYM	Verbesina alternifolia (L.) Britton ex Kearney	8691721	3147815	Plantae			2018-08-01	9ff7d317-609b-4c08-bd86-3bc404b77c42	
Artemisia afra Jacq.	Artemisia afra Jacq.	HETEROTYPIC_SYNONYM	Ptilostemon afer subsp. afer	8078031	6076176	Plantae	CONFLICTING_BASIONYM_COMBINATION		2018-08-01	9ff7d317-609b-4c08-bd86-3bc404b77c42	
Prunus persica (L.) Batsch	Prunus persica (L.) Batsch	HETEROTYPIC_SYNONYM	Prunus persica Stokes	3022511	8149923	Plantae	ORIGINAL_NAME_DERIVED		2018-08-01	9ff7d317-609b-4c08-bd86-3bc404b77c42	
Sanguisorba minor Scop. subsp. balearica (Bourgeau ex Nyman) Muñoz Garmendia & C. Navarro	Sanguisorba minor subsp. balearica (Nyman) Muñoz Garm. & C.Navarro	HETEROTYPIC_SYNONYM	Poterium sanguisorba subsp. polygamum (Waldst. & Kit.) Asch. & Graebn.	3029431	7925720	Plantae			2018-08-01	9ff7d317-609b-4c08-bd86-3bc404b77c42	
Trachyspermum ammi (L.) Sprague ex Turrill	Trachyspermum ammi (L.) Sprague ex Turrill	HETEROTYPIC_SYNONYM	Trachyspermum ammi Sprague	8244019	3034241	Plantae	ORIGINAL_NAME_DERIVED		2018-08-01	9ff7d317-609b-4c08-bd86-3bc404b77c42	
Cyclospermum leptophyllum (Pers.) Sprague ex Britton & P.G. Wilson	Cyclospermum leptophyllum (Pers.) Sprague ex Britton & P.Wilson	HETEROTYPIC_SYNONYM	Cyclospermum leptophyllum (Pers.) Sprague	5371894	8350395	Plantae	CONFLICTING_BASIONYM_COMBINATION		2018-08-01	9ff7d317-609b-4c08-bd86-3bc404b77c42	
Daucus carota L. subsp. sativus (Hoffmann) Arcang.	Daucus carota subsp. sativus (Hoffm.) Arcangeli	HETEROTYPIC_SYNONYM	Daucus carota subsp. sativus (Hoffm.) Schübl. & Martens	4271342	7350944	Plantae			2018-08-01	9ff7d317-609b-4c08-bd86-3bc404b77c42	
Bifora testiculata (L.) Spreng.	Bifora testiculata (L.) Spreng.	HETEROTYPIC_SYNONYM	Bifora testiculata Roth	5371869	7412216	Plantae	ORIGINAL_NAME_DERIVED,CONFLICTING_BASIONYM_COMBINATION		2018-08-01	9ff7d317-609b-4c08-bd86-3bc404b77c42	
Acer japonicum Thunb.	Acer japonicum Thunb.	HETEROTYPIC_SYNONYM	Acer japonicum C.P.Thunberg ex A.Murray	3767816	8010851	Plantae			2018-08-01	9ff7d317-609b-4c08-bd86-3bc404b77c42	
Oxalis stricta L.	Oxalis stricta L.	PROPARTE_SYNONYM	Oxalis corniculata L.	9823072	8427624	Plantae			2018-08-01	9ff7d317-609b-4c08-bd86-3bc404b77c42	
Polygonum arenarium Waldst. & Kit. subsp. pulchellum (Loisel.) D.A. Webb & Chater	Polygonum arenarium subsp. pulchellum (Loisel.) D.A.Webb & Chater	HETEROTYPIC_SYNONYM	Polygonum arenarium subsp. pulchellum (Loisel.) Thell.	7681832	8336551	Plantae	ORIGINAL_NAME_DERIVED		2018-08-01	9ff7d317-609b-4c08-bd86-3bc404b77c42	
Erodium moschatum (L.) L' Hérit. var. cicutarioides Delile	Erodium moschatum var. cicutarioides Delile	HOMOTYPIC_SYNONYM	Erodium meynieri Maire	8605414	3826756	Plantae			2018-08-01	9ff7d317-609b-4c08-bd86-3bc404b77c42	
Cucurbita maxima Duchesne	Cucurbita maxima Duchesne	HOMOTYPIC_SYNONYM	Cucurbita maxima (Duchesne) Duchesne ex Poir.	2874515	7655426	Plantae	CONFLICTING_BASIONYM_COMBINATION		2018-08-01	9ff7d317-609b-4c08-bd86-3bc404b77c42	
Populus nigra L. var. italica Muenchh.	Populus nigra var. italica Münchh.	HETEROTYPIC_SYNONYM	Populus nigra var. italica (Moench.) Koehne	8154049	7358677	Plantae			2018-08-01	9ff7d317-609b-4c08-bd86-3bc404b77c42	
Vicia loiseaui (d'Alleizette) Fridlender	Vicia loiseaui (Alleiz.) Fridl.	HOMOTYPIC_SYNONYM	Vicia melanops var. loiseaui Alleiz.	8341222	2974823	Plantae	ORIGINAL_NAME_DERIVED,CONFLICTING_BASIONYM_COMBINATION		2018-08-01	9ff7d317-609b-4c08-bd86-3bc404b77c42	
Cullen cinereum (Lindl.) J.W. Grimes	Cullen cinereum (Lindl.) J.W.Grimes	HOMOTYPIC_SYNONYM	Psoralea cinerea Lindl.	3966627	2944044	Plantae	CONFLICTING_BASIONYM_COMBINATION		2018-08-01	9ff7d317-609b-4c08-bd86-3bc404b77c42	
Physalis ixocarpa Brot. ex Hornem.	Physalis ixocarpa Brot. ex Hornem.	HETEROTYPIC_SYNONYM	Physalis philadelphica subsp. ixocarpa (Brot. ex Hornem.) Sobr.-Vesp. & Sanz-Elorza	6402873	5581168	Plantae			2018-08-01	9ff7d317-609b-4c08-bd86-3bc404b77c42	
Solanum pimpinellifolium L.	Solanum pimpinellifolium L.	HETEROTYPIC_SYNONYM	Solanum pimpinellifolium Mill. ex Dunal	2931738	7390679	Plantae			2018-08-01	9ff7d317-609b-4c08-bd86-3bc404b77c42	
Symphoricarpos albus (L.) S.F. Blake	Symphoricarpos albus (L.) S.F.Blake	HETEROTYPIC_SYNONYM	Symphoricarpos albus (L.) C.Koch	2888634	7523753	Plantae	ORIGINAL_NAME_DERIVED		2018-08-01	9ff7d317-609b-4c08-bd86-3bc404b77c42	
Silene coeli-rosa (L.) Godr.	Silene coeli-rosa (L.) Godron	HETEROTYPIC_SYNONYM	Eudianthe coeli-rosa (L.) Endl.	5384787	3814157	Plantae			2018-08-01	9ff7d317-609b-4c08-bd86-3bc404b77c42	
Minuartia mediterranea (Link) K. Malý	Minuartia mediterranea (Link) K.Maly	HETEROTYPIC_SYNONYM	Sabulina mediterranea Rchb.	7895013	5587011	Plantae	ORIGINAL_NAME_DERIVED		2018-08-01	9ff7d317-609b-4c08-bd86-3bc404b77c42	
Populus x berolinensis Dippel	Populus berolinensis Dippel	HETEROTYPIC_SYNONYM	Populus berolinensis C.Koch	3040238	8016281	Plantae			2018-08-01	9ff7d317-609b-4c08-bd86-3bc404b77c42	
